!!SBtab TableName='Reaction' TableType='Reaction'						
!Reaction	!SumFormula	!Reaction:Identifiers:kegg.reaction	!NameForPlots	!Gene	!Bnumber	
PTS_RPTSsy	D_Glucose + Phosphoenolpyruvate <=> Pyruvate + D_Glucose_6_phosphate	RPTSsy	pts	ptsG + crr	b1101 + b2417	
PGI_R02740	D_Glucose_6_phosphate <=> D_Fructose_6_phosphate	R02740	pgi	pgi	b4025	
PFK_R04779	ATP + D_Fructose_6_phosphate <=> ADP + D_Fructose_1_6_bisphosphate	R04779	pfk	pfkB + pfkA	b1723 + b3916	
ALD_R01070	D_Fructose_1_6_bisphosphate <=> Glycerone_phosphate + D_Glyceraldehyde_3_phosphate	R01070	fba	fbaB + fbaA	b2097 + b2925	
TIM_R01015	Glycerone_phosphate <=> D_Glyceraldehyde_3_phosphate	R01015	tim	tpiA	b3919	
GAP_R01061	Orthophosphate + NADplus + D_Glyceraldehyde_3_phosphate <=> NADH + _3_Phospho_D_glyceroyl_phosphate	R01061	gap	gapA	b1779	
PGK_R01512	ADP + _3_Phospho_D_glyceroyl_phosphate <=> ATP + _3_Phospho_D_glycerate	R01512	pgk	pgk	b2926	
PGM_R01518	_3_Phospho_D_glycerate <=> _2_Phospho_D_glycerate	R01518	gpm	gpmA + gpmM + ytjC	b0755 + b3612 + b4395	
PGH_R00658	_2_Phospho_D_glycerate <=> H2O + Phosphoenolpyruvate	R00658	eno	eno	b2779	
PYK_R00200	ADP + Phosphoenolpyruvate <=> Pyruvate + ATP	R00200	pyk	pykF + pykA	b1676 + b1854	
PDH_R00209	Pyruvate + NADplus + CoA <=> Acetyl_CoA + NADH + CO2	R00209	pdh	aceE + aceF + lpd	b0114 + b0115 + b0116	
ZWF_R00835	NADPplus + D_Glucose_6_phosphate <=> NADPH + D_Glucono_1_5_lactone_6_phosphate	R00835	zwf	zwf	b1852	
GLH_R02035	H2O + D_Glucono_1_5_lactone_6_phosphate <=> _6_Phospho_D_gluconate	R02035	pgl	pgl	b0767	
PGD_R01528	_6_Phospho_D_gluconate + NADPplus <=> NADPH + D_Ribulose_5_phosphate + CO2	R01528	gnd	gnd	b2029	
RPI_R01056	D_Ribulose_5_phosphate <=> D_Ribose_5_phosphate	R01056	rpi	rpiA + rpiB	b2914 + b4090	
RPE_R01529	D_Ribulose_5_phosphate <=> D_Xylulose_5_phosphate	R01529	rpe	rpe	b3386	
TXT_R01641	D_Xylulose_5_phosphate + D_Ribose_5_phosphate <=> D_Glyceraldehyde_3_phosphate + Sedoheptulose_7_phosphate	R01641	tkt1	tktB + tktA	b2465 + b2935	
TAL_R08575	D_Glyceraldehyde_3_phosphate + Sedoheptulose_7_phosphate <=> D_Erythrose_4_phosphate + D_Fructose_6_phosphate	R08575	tal	talB + talA	b0008 + b2464	
TXT_R01067	D_Erythrose_4_phosphate + D_Xylulose_5_phosphate <=> D_Glyceraldehyde_3_phosphate + D_Fructose_6_phosphate	R01067	tkt2	tktB + tktA	b2465 + b2935	
FBP_R00762	H2O + D_Fructose_1_6_bisphosphate <=> Orthophosphate + D_Fructose_6_phosphate	R00762	fbp	glpX + fbp	b3925 + b4232	
CSN_R00351	Acetyl_CoA + H2O + Oxaloacetate <=> CoA + Citrate	R00351	cs	gltA	b0720	
ACN_R01325	Citrate <=> cis_Aconitate + H2O	R01325	acn1	acnB + ybhJ + acnA	b0118 + b0771 + b1276	
ACN_R01900	cis_Aconitate + H2O <=> Isocitrate	R01900	acn2	acnB + ybhJ + acnA	b0118 + b0771 + b1276	
ICD_R00709	NADplus + Isocitrate <=> NADH + _2_Oxoglutarate + CO2	R00709	icd	icd	b1136	
KGD_R08549	NADplus + _2_Oxoglutarate + CoA <=> NADH + CO2 + Succinyl_CoA	R08549	kgd	lpd + sucA + sucB	b0116 + b0726 + b0727	
SCS_R00405	Orthophosphate + ADP + Succinyl_CoA <=> ATP + CoA + Succinate	R00405	suc	sucC + sucD	b0728 + b0729	
SDH_R02164	Ubiquinone + Succinate <=> Fumarate + Ubiquinol	R02164	sdh	sdhC + sdhD + sdhA + sdhB	b0721 + b0722 + b0723 + b0724	
FUM_R01082	Fumarate + H2O <=> _S__Malate	R01082	fum	fumC + fumA + fumB	b1611 + b1612 + b4122	
MDH_R00342	_S__Malate + NADplus <=> NADH + Oxaloacetate	R00342	mdh	mdh	b3236	
CNL_R99999	D_Fructose_6_phosphate + 2 Orthophosphate + 2 NADplus + ADP <=> 2 Phosphoenolpyruvate + 2 H2O + 2 NADH + ATP	R99999	cnl	pfkB + pfkA + fbaA + fbaB + tpiA + gapA + pgk + gpmA + gpmM + eno		
!!SBtab TableName='Compound' TableType='Compound'						
!Compound	!Name	!Compound:Identifiers:kegg.compound	!External	!NameForPlots		
_S__Malate	(S)-Malate	C00149	0	mal		
Acetyl_CoA	Acetyl-CoA	C00024	0	accoa		
Fumarate	Fumarate	C00122	0	fum		
cis_Aconitate	cis-Aconitate	C00417	0	aco		
_6_Phospho_D_gluconate	6-Phospho-D-gluconate	C00345	0	6pgc		
Orthophosphate	Orthophosphate	C00009	1	pi		
Pyruvate	Pyruvate	C00022	0	pyr		
NADPplus	NADP+	C00006	1	nadp		
NADPH	NADPH	C00005	1	nadph		
NADH	NADH	C00004	1	nadh		
NADplus	NAD+	C00003	1	nad		
ATP	ATP	C00002	1	atp		
H2O	H2O	C00001	1	h2o		
_2_Oxoglutarate	2-Oxoglutarate	C00026	0	akg		
Oxaloacetate	Oxaloacetate	C00036	0	oxa		
Ubiquinone	Ubiquinone	C00399	1	Ubiquinone		
D_Erythrose_4_phosphate	D-Erythrose 4-phosphate	C00279	0	e4p		
Ubiquinol	Ubiquinol	C00390	1	Ubiquinol		
ADP	ADP	C00008	1	adp		
Isocitrate	Isocitrate	C00311	0	icit		
D_Ribulose_5_phosphate	D-Ribulose 5-phosphate	C00199	0	ru5p		
D_Xylulose_5_phosphate	D-Xylulose 5-phosphate	C00231	0	xu5p		
D_Glucose_6_phosphate	D-Glucose 6-phosphate	C00092	1	g6p		
_3_Phospho_D_glyceroyl_phosphate	3-Phospho-D-glyceroyl phosphate	C00236	0	bpg		
CoA	CoA	C00010	0	coa		
CO2	CO2	C00011	1	co2		
D_Ribose_5_phosphate	D-Ribose 5-phosphate	C00117	0	r5p		
Glycerone_phosphate	Glycerone phosphate	C00111	0	dhap		
D_Glucose	D-Glucose	C00031	1	glu		
D_Fructose_1_6_bisphosphate	D-Fructose 1,6-bisphosphate	C00354	1	fbp		
D_Glyceraldehyde_3_phosphate	D-Glyceraldehyde 3-phosphate	C00118	1	g3p		
Phosphoenolpyruvate	Phosphoenolpyruvate	C00074	0	pep		
Citrate	Citrate	C00158	0	cit		
Succinyl_CoA	Succinyl-CoA	C00091	0	succoa		
_3_Phospho_D_glycerate	3-Phospho-D-glycerate	C00197	0	3pg		
D_Glucono_1_5_lactone_6_phosphate	D-Glucono-1,5-lactone 6-phosphate	C01236	0	6pgl		
D_Fructose_6_phosphate	D-Fructose 6-phosphate	C00085	1	f6p		
_2_Phospho_D_glycerate	2-Phospho-D-glycerate	C00631	0	2pg		
Succinate	Succinate	C00042	0	succ		
Sedoheptulose_7_phosphate	Sedoheptulose 7-phosphate	C05382	0	s7p		
!!SBtab TableName='RateConstant' TableType='Quantity'						
!QuantityType	!Value	!Compound	!Compound:Identifiers:kegg.compound	!Reaction	!Reaction:Identifiers:kegg.reaction	!Unit
catalytic rate constant geometric mean	337			PTS_RPTSsy	RPTSsy	1/s
catalytic rate constant geometric mean	352			PGI_R02740	R02740	1/s
catalytic rate constant geometric mean	342			PFK_R04779	R04779	1/s
catalytic rate constant geometric mean	350			ALD_R01070	R01070	1/s
catalytic rate constant geometric mean	1590			TIM_R01015	R01015	1/s
catalytic rate constant geometric mean	208			GAP_R01061	R01061	1/s
catalytic rate constant geometric mean	629			PGK_R01512	R01512	1/s
catalytic rate constant geometric mean	213			PGM_R01518	R01518	1/s
catalytic rate constant geometric mean	219			PGH_R00658	R00658	1/s
catalytic rate constant geometric mean	262			PYK_R00200	R00200	1/s
catalytic rate constant geometric mean	50			PDH_R00209	R00209	1/s
catalytic rate constant geometric mean	259			ZWF_R00835	R00835	1/s
catalytic rate constant geometric mean	676			GLH_R02035	R02035	1/s
catalytic rate constant geometric mean	245			PGD_R01528	R01528	1/s
catalytic rate constant geometric mean	700			RPI_R01056	R01056	1/s
catalytic rate constant geometric mean	417			RPE_R01529	R01529	1/s
catalytic rate constant geometric mean	162			TXT_R01641	R01641	1/s
catalytic rate constant geometric mean	154			TAL_R08575	R08575	1/s
catalytic rate constant geometric mean	214			TXT_R01067	R01067	1/s
catalytic rate constant geometric mean	160			FBP_R00762	R00762	1/s
catalytic rate constant geometric mean	152			CSN_R00351	R00351	1/s
catalytic rate constant geometric mean	165			ACN_R01325	R01325	1/s
catalytic rate constant geometric mean	162			ACN_R01900	R01900	1/s
catalytic rate constant geometric mean	162			ICD_R00709	R00709	1/s
catalytic rate constant geometric mean	350			KGD_R08549	R08549	1/s
catalytic rate constant geometric mean	147			SCS_R00405	R00405	1/s
catalytic rate constant geometric mean	199			SDH_R02164	R02164	1/s
catalytic rate constant geometric mean	290			FUM_R01082	R01082	1/s
catalytic rate constant geometric mean	200			MDH_R00342	R00342	1/s
catalytic rate constant geometric mean	200			CNL_R99999	R99999	1/s
Michaelis constant	0.00033	_S__Malate	C00149	FUM_R01082	R01082	M
Michaelis constant	0.00267	_S__Malate	C00149	MDH_R00342	R00342	M
Michaelis constant	0.0000691	Acetyl_CoA	C00024	PDH_R00209	R00209	M
Michaelis constant	0.0000179	Acetyl_CoA	C00024	CSN_R00351	R00351	M
Michaelis constant	0.000251	Fumarate	C00122	SDH_R02164	R02164	M
Michaelis constant	0.000239	Fumarate	C00122	FUM_R01082	R01082	M
Michaelis constant	0.0000161	cis_Aconitate	C00417	ACN_R01325	R01325	M
Michaelis constant	0.0000283	cis_Aconitate	C00417	ACN_R01900	R01900	M
Michaelis constant	0.0000525	_6_Phospho_D_gluconate	C00345	GLH_R02035	R02035	M
Michaelis constant	0.0000251	_6_Phospho_D_gluconate	C00345	PGD_R01528	R01528	M
Michaelis constant	0.017	Orthophosphate	C00009	GAP_R01061	R01061	M
Michaelis constant	0.00108	Orthophosphate	C00009	FBP_R00762	R00762	M
Michaelis constant	0.00117	Orthophosphate	C00009	SCS_R00405	R00405	M
Michaelis constant	0.0083	Pyruvate	C00022	PTS_RPTSsy	RPTSsy	M
Michaelis constant	0.000544	Pyruvate	C00022	PYK_R00200	R00200	M
Michaelis constant	0.00000952	Pyruvate	C00022	PDH_R00209	R00209	M
Michaelis constant	0.00000329	NADPplus	C00006	ZWF_R00835	R00835	M
Michaelis constant	0.0000238	NADPplus	C00006	PGD_R01528	R01528	M
Michaelis constant	0.0000175	NADPH	C00005	ZWF_R00835	R00835	M
Michaelis constant	0.000000762	NADPH	C00005	PGD_R01528	R01528	M
Michaelis constant	0.0000227	NADH	C00004	GAP_R01061	R01061	M
Michaelis constant	0.00518	NADH	C00004	PDH_R00209	R00209	M
Michaelis constant	0.00112	NADH	C00004	ICD_R00709	R00709	M
Michaelis constant	0.00415	NADH	C00004	KGD_R08549	R08549	M
Michaelis constant	0.00000564	NADH	C00004	MDH_R00342	R00342	M
Michaelis constant	0.0000936	NADplus	C00003	GAP_R01061	R01061	M
Michaelis constant	0.0000374	NADplus	C00003	PDH_R00209	R00209	M
Michaelis constant	0.0000749	NADplus	C00003	ICD_R00709	R00709	M
Michaelis constant	0.00000241	NADplus	C00003	KGD_R08549	R08549	M
Michaelis constant	0.000178	NADplus	C00003	MDH_R00342	R00342	M
Michaelis constant	0.00011	ATP	C00002	PFK_R04779	R04779	M
Michaelis constant	0.000499	ATP	C00002	PGK_R01512	R01512	M
Michaelis constant	0.00505	ATP	C00002	PYK_R00200	R00200	M
Michaelis constant	0.0000288	ATP	C00002	SCS_R00405	R00405	M
Michaelis constant	0.0176	H2O	C00001	PGH_R00658	R00658	M
Michaelis constant	0.00000115	H2O	C00001	GLH_R02035	R02035	M
Michaelis constant	0.0000093	H2O	C00001	FBP_R00762	R00762	M
Michaelis constant	0.000000071	H2O	C00001	CSN_R00351	R00351	M
Michaelis constant	0.0000161	H2O	C00001	ACN_R01325	R01325	M
Michaelis constant	0.000473	H2O	C00001	ACN_R01900	R01900	M
Michaelis constant	0.00106	H2O	C00001	FUM_R01082	R01082	M
Michaelis constant	0.00112	_2_Oxoglutarate	C00026	ICD_R00709	R00709	M
Michaelis constant	0.0032	_2_Oxoglutarate	C00026	KGD_R08549	R08549	M
Michaelis constant	0.0000282	Oxaloacetate	C00036	CSN_R00351	R00351	M
Michaelis constant	0.0000254	Oxaloacetate	C00036	MDH_R00342	R00342	M
Michaelis constant	0.0000179	Ubiquinone	C00399	SDH_R02164	R02164	M
Michaelis constant	0.000226	D_Erythrose_4_phosphate	C00279	TAL_R08575	R08575	M
Michaelis constant	0.00015	D_Erythrose_4_phosphate	C00279	TXT_R01067	R01067	M
Michaelis constant	0.0269	Ubiquinol	C00390	SDH_R02164	R02164	M
Michaelis constant	0.000901	ADP	C00008	PFK_R04779	R04779	M
Michaelis constant	0.000114	ADP	C00008	PGK_R01512	R01512	M
Michaelis constant	0.00000925	ADP	C00008	PYK_R00200	R00200	M
Michaelis constant	0.000211	ADP	C00008	SCS_R00405	R00405	M
Michaelis constant	0.000185	Isocitrate	C00311	ACN_R01900	R01900	M
Michaelis constant	0.00203	Isocitrate	C00311	ICD_R00709	R00709	M
Michaelis constant	0.000138	D_Ribulose_5_phosphate	C00199	PGD_R01528	R01528	M
Michaelis constant	0.00319	D_Ribulose_5_phosphate	C00199	RPI_R01056	R01056	M
Michaelis constant	0.000787	D_Ribulose_5_phosphate	C00199	RPE_R01529	R01529	M
Michaelis constant	0.000314	D_Xylulose_5_phosphate	C00231	RPE_R01529	R01529	M
Michaelis constant	0.000524	D_Xylulose_5_phosphate	C00231	TXT_R01641	R01641	M
Michaelis constant	0.000412	D_Xylulose_5_phosphate	C00231	TXT_R01067	R01067	M
Michaelis constant	0.0083	D_Glucose_6_phosphate	C00092	PTS_RPTSsy	RPTSsy	M
Michaelis constant	0.000165	D_Glucose_6_phosphate	C00092	PGI_R02740	R02740	M
Michaelis constant	0.0000742	D_Glucose_6_phosphate	C00092	ZWF_R00835	R00835	M
Michaelis constant	0.000411	_3_Phospho_D_glyceroyl_phosphate	C00236	GAP_R01061	R01061	M
Michaelis constant	0.00000186	_3_Phospho_D_glyceroyl_phosphate	C00236	PGK_R01512	R01512	M
Michaelis constant	0.0000034	CoA	C00010	PDH_R00209	R00209	M
Michaelis constant	0.141	CoA	C00010	CSN_R00351	R00351	M
Michaelis constant	0.00000241	CoA	C00010	KGD_R08549	R08549	M
Michaelis constant	0.000028	CoA	C00010	SCS_R00405	R00405	M
Michaelis constant	0.00518	CO2	C00011	PDH_R00209	R00209	M
Michaelis constant	0.034	CO2	C00011	PGD_R01528	R01528	M
Michaelis constant	0.00112	CO2	C00011	ICD_R00709	R00709	M
Michaelis constant	0.00415	CO2	C00011	KGD_R08549	R08549	M
Michaelis constant	0.00178	D_Ribose_5_phosphate	C00117	RPI_R01056	R01056	M
Michaelis constant	0.000536	D_Ribose_5_phosphate	C00117	TXT_R01641	R01641	M
Michaelis constant	0.000159	Glycerone_phosphate	C00111	ALD_R01070	R01070	M
Michaelis constant	0.00136	Glycerone_phosphate	C00111	TIM_R01015	R01015	M
Michaelis constant	0.0000012	D_Glucose	C00031	PTS_RPTSsy	RPTSsy	M
Michaelis constant	0.0014	D_Fructose_1_6_bisphosphate	C00354	PFK_R04779	R04779	M
Michaelis constant	0.000107	D_Fructose_1_6_bisphosphate	C00354	ALD_R01070	R01070	M
Michaelis constant	0.0000128	D_Fructose_1_6_bisphosphate	C00354	FBP_R00762	R00762	M
Michaelis constant	0.000129	D_Glyceraldehyde_3_phosphate	C00118	ALD_R01070	R01070	M
Michaelis constant	0.0000941	D_Glyceraldehyde_3_phosphate	C00118	TIM_R01015	R01015	M
Michaelis constant	0.0264	D_Glyceraldehyde_3_phosphate	C00118	GAP_R01061	R01061	M
Michaelis constant	0.0041	D_Glyceraldehyde_3_phosphate	C00118	TXT_R01641	R01641	M
Michaelis constant	0.0000606	D_Glyceraldehyde_3_phosphate	C00118	TAL_R08575	R08575	M
Michaelis constant	0.00495	D_Glyceraldehyde_3_phosphate	C00118	TXT_R01067	R01067	M
Michaelis constant	0.0000012	Phosphoenolpyruvate	C00074	PTS_RPTSsy	RPTSsy	M
Michaelis constant	0.000573	Phosphoenolpyruvate	C00074	PGH_R00658	R00658	M
Michaelis constant	0.0000111	Phosphoenolpyruvate	C00074	PYK_R00200	R00200	M
Michaelis constant	0.00000656	Citrate	C00158	CSN_R00351	R00351	M
Michaelis constant	0.00000121	Citrate	C00158	ACN_R01325	R01325	M
Michaelis constant	0.0000873	Succinyl_CoA	C00091	KGD_R08549	R08549	M
Michaelis constant	0.0000361	Succinyl_CoA	C00091	SCS_R00405	R00405	M
Michaelis constant	0.000709	_3_Phospho_D_glycerate	C00197	PGK_R01512	R01512	M
Michaelis constant	0.000919	_3_Phospho_D_glycerate	C00197	PGM_R01518	R01518	M
Michaelis constant	0.000394	D_Glucono_1_5_lactone_6_phosphate	C01236	ZWF_R00835	R00835	M
Michaelis constant	0.0000184	D_Glucono_1_5_lactone_6_phosphate	C01236	GLH_R02035	R02035	M
Michaelis constant	0.0000607	D_Fructose_6_phosphate	C00085	PGI_R02740	R02740	M
Michaelis constant	0.00000712	D_Fructose_6_phosphate	C00085	PFK_R04779	R04779	M
Michaelis constant	0.000662	D_Fructose_6_phosphate	C00085	TAL_R08575	R08575	M
Michaelis constant	0.00699	D_Fructose_6_phosphate	C00085	TXT_R01067	R01067	M
Michaelis constant	0.00108	D_Fructose_6_phosphate	C00085	FBP_R00762	R00762	M
Michaelis constant	0.0000282	_2_Phospho_D_glycerate	C00631	PGM_R01518	R01518	M
Michaelis constant	0.000248	_2_Phospho_D_glycerate	C00631	PGH_R00658	R00658	M
Michaelis constant	0.00168	Succinate	C00042	SCS_R00405	R00405	M
Michaelis constant	0.0001	Succinate	C00042	SDH_R02164	R02164	M
Michaelis constant	0.00337	Sedoheptulose_7_phosphate	C05382	TXT_R01641	R01641	M
Michaelis constant	0.000198	Sedoheptulose_7_phosphate	C05382	TAL_R08575	R08575	M
Michaelis constant	0.00000712	D_Fructose_6_phosphate	C00085	CNL_R99999	R99999	M
Michaelis constant	0.000114	ADP	C00008	CNL_R99999	R99999	M
Michaelis constant	0.000499	ATP	C00002	CNL_R99999	R99999	M
Michaelis constant	0.0000227	NADH	C00004	CNL_R99999	R99999	M
Michaelis constant	0.0000936	NADplus	C00003	CNL_R99999	R99999	M
Michaelis constant	0.017	Orthophosphate	C00009	CNL_R99999	R99999	M
Michaelis constant	0.000573	Phosphoenolpyruvate	C00074	CNL_R99999	R99999	M
Michaelis constant	0.0176	H2O	C00001	CNL_R99999	R99999	M
substrate catalytic rate constant	350			PTS_RPTSsy	RPTSsy	1/s
substrate catalytic rate constant	350			PGI_R02740	R02740	1/s
substrate catalytic rate constant	350			PFK_R04779	R04779	1/s
substrate catalytic rate constant	350			ALD_R01070	R01070	1/s
substrate catalytic rate constant	2000			TIM_R01015	R01015	1/s
substrate catalytic rate constant	268			GAP_R01061	R01061	1/s
substrate catalytic rate constant	654			PGK_R01512	R01512	1/s
substrate catalytic rate constant	530			PGM_R01518	R01518	1/s
substrate catalytic rate constant	78			PGH_R00658	R00658	1/s
substrate catalytic rate constant	232			PYK_R00200	R00200	1/s
substrate catalytic rate constant	50			PDH_R00209	R00209	1/s
substrate catalytic rate constant	174			ZWF_R00835	R00835	1/s
substrate catalytic rate constant	1900			GLH_R02035	R02035	1/s
substrate catalytic rate constant	350			PGD_R01528	R01528	1/s
substrate catalytic rate constant	1410			RPI_R01056	R01056	1/s
substrate catalytic rate constant	1300			RPE_R01529	R01529	1/s
substrate catalytic rate constant	50			TXT_R01641	R01641	1/s
substrate catalytic rate constant	50			TAL_R08575	R08575	1/s
substrate catalytic rate constant	69			TXT_R01067	R01067	1/s
substrate catalytic rate constant	350			FBP_R00762	R00762	1/s
substrate catalytic rate constant	67.1			CSN_R00351	R00351	1/s
substrate catalytic rate constant	67.1			ACN_R01325	R01325	1/s
substrate catalytic rate constant	50			ACN_R01900	R01900	1/s
substrate catalytic rate constant	527			ICD_R00709	R00709	1/s
substrate catalytic rate constant	363			KGD_R08549	R08549	1/s
substrate catalytic rate constant	288			SCS_R00405	R00405	1/s
substrate catalytic rate constant	245			SDH_R02164	R02164	1/s
substrate catalytic rate constant	509			FUM_R01082	R01082	1/s
substrate catalytic rate constant	52.2			MDH_R00342	R00342	1/s
substrate catalytic rate constant	200			CNL_R99999	R99999	1/s
product catalytic rate constant	324			PTS_RPTSsy	RPTSsy	1/s
product catalytic rate constant	353			PGI_R02740	R02740	1/s
product catalytic rate constant	334			PFK_R04779	R04779	1/s
product catalytic rate constant	350			ALD_R01070	R01070	1/s
product catalytic rate constant	1270			TIM_R01015	R01015	1/s
product catalytic rate constant	161			GAP_R01061	R01061	1/s
product catalytic rate constant	604			PGK_R01512	R01512	1/s
product catalytic rate constant	85.5			PGM_R01518	R01518	1/s
product catalytic rate constant	616			PGH_R00658	R00658	1/s
product catalytic rate constant	296			PYK_R00200	R00200	1/s
product catalytic rate constant	50			PDH_R00209	R00209	1/s
product catalytic rate constant	385			ZWF_R00835	R00835	1/s
product catalytic rate constant	241			GLH_R02035	R02035	1/s
product catalytic rate constant	172			PGD_R01528	R01528	1/s
product catalytic rate constant	349			RPI_R01056	R01056	1/s
product catalytic rate constant	134			RPE_R01529	R01529	1/s
product catalytic rate constant	525			TXT_R01641	R01641	1/s
product catalytic rate constant	472			TAL_R08575	R08575	1/s
product catalytic rate constant	661			TXT_R01067	R01067	1/s
product catalytic rate constant	73.2			FBP_R00762	R00762	1/s
product catalytic rate constant	346			CSN_R00351	R00351	1/s
product catalytic rate constant	406			ACN_R01325	R01325	1/s
product catalytic rate constant	523			ACN_R01900	R01900	1/s
product catalytic rate constant	50			ICD_R00709	R00709	1/s
product catalytic rate constant	337			KGD_R08549	R08549	1/s
product catalytic rate constant	75.2			SCS_R00405	R00405	1/s
product catalytic rate constant	161			SDH_R02164	R02164	1/s
product catalytic rate constant	166			FUM_R01082	R01082	1/s
product catalytic rate constant	767			MDH_R00342	R00342	1/s
product catalytic rate constant	200			CNL_R99999	R99999	1/s
!!SBtab TableName='ConcentrationConstraint' TableType='Quantity' Unit='M'						
!QuantityType	!Compound	!Compound:Identifiers:kegg.compound	!Concentration:Min	!Concentration:Max		
concentration	_S__Malate	C00149	0.000001	0.01		
concentration	Acetyl_CoA	C00024	0.000001	0.01		
concentration	Fumarate	C00122	0.000001	0.01		
concentration	cis_Aconitate	C00417	0.000001	0.01		
concentration	_6_Phospho_D_gluconate	C00345	0.000001	0.01		
concentration	Orthophosphate	C00009	0.01	0.01		
concentration	Pyruvate	C00022	0.000001	0.01		
concentration	NADPplus	C00006	0.0001	0.0001		
concentration	NADPH	C00005	0.001	0.001		
concentration	NADH	C00004	0.0001	0.0001		
concentration	NADplus	C00003	0.001	0.001		
concentration	ATP	C00002	0.005	0.005		
concentration	H2O	C00001	1	1		
concentration	_2_Oxoglutarate	C00026	0.000001	0.01		
concentration	Oxaloacetate	C00036	0.000001	0.01		
concentration	Ubiquinone	C00399	0.0001	0.0001		
concentration	D_Erythrose_4_phosphate	C00279	0.000001	0.01		
concentration	Ubiquinol	C00390	0.0001	0.0001		
concentration	ADP	C00008	0.0005	0.0005		
concentration	Isocitrate	C00311	0.000001	0.01		
concentration	D_Ribulose_5_phosphate	C00199	0.000001	0.01		
concentration	D_Xylulose_5_phosphate	C00231	0.000001	0.01		
concentration	D_Glucose_6_phosphate	C00092	0.000001	0.01		
concentration	_3_Phospho_D_glyceroyl_phosphate	C00236	0.000001	0.01		
concentration	CoA	C00010	0.001	0.001		
concentration	CO2	C00011	0.00001	0.00001		
concentration	D_Ribose_5_phosphate	C00117	0.000001	0.01		
concentration	Glycerone_phosphate	C00111	0.000001	0.01		
concentration	D_Glucose	C00031	0.000001	0.01		
concentration	D_Fructose_1_6_bisphosphate	C00354	0.000001	0.01		
concentration	D_Glyceraldehyde_3_phosphate	C00118	0.000001	0.01		
concentration	Phosphoenolpyruvate	C00074	0.000001	0.01		
concentration	Citrate	C00158	0.000001	0.01		
concentration	Succinyl_CoA	C00091	0.000001	0.01		
concentration	_3_Phospho_D_glycerate	C00197	0.000001	0.01		
concentration	D_Glucono_1_5_lactone_6_phosphate	C01236	0.000001	0.01		
concentration	D_Fructose_6_phosphate	C00085	0.000001	0.01		
concentration	_2_Phospho_D_glycerate	C00631	0.000001	0.01		
concentration	Succinate	C00042	0.000001	0.01		
concentration	Sedoheptulose_7_phosphate	C05382	0.000001	0.01		
!!SBtab TableName='Flux' TableType='Quantity' Unit='mM/s'						
!QuantityType	!Reaction	!Reaction:Identifiers:kegg.reaction	!Flux	!Flux_original		
flux	PTS_RPTSsy	RPTSsy	0.5691	0.5691		
flux	PGI_R02740	R02740	0.385	0.385		
flux	PFK_R04779	R04779	0.0417	0.4417		
flux	ALD_R01070	R01070	0.04702	0.44702		
flux	TIM_R01015	R01015	0.0445	0.4445		
flux	GAP_R01061	R01061	0.1163	0.9163		
flux	PGK_R01512	R01512	0.0946	0.8946		
flux	PGM_R01518	R01518	0.0729	0.8729		
flux	PGH_R00658	R00658	0.11875	0.91875		
flux	PYK_R00200	R00200	0.1841	0.1841		
flux	PDH_R00209	R00209	0.3787	0.3787		
flux	ZWF_R00835	R00835	0.1813	0.1813		
flux	GLH_R02035	R02035	0.1568	0.1568		
flux	PGD_R01528	R01528	0.1323	0.1323		
flux	RPI_R01056	R01056	0.049933333	0.049933333		
flux	RPE_R01529	R01529	0.077233333	0.077233333		
flux	TXT_R01641	R01641	0.0448	0.0448		
flux	TAL_R08575	R08575	0.0448	0.0448		
flux	TXT_R01067	R01067	0.0273	0.0273		
flux	FBP_R00762	R00762	0	0		
flux	CSN_R00351	R00351	0.154	0.154		
flux	ACN_R01325	R01325	0.154	0.154		
flux	ACN_R01900	R01900	0.154	0.154		
flux	ICD_R00709	R00709	0.154	0.154		
flux	KGD_R08549	R08549	0.0924	0.0924		
flux	SCS_R00405	R00405	0.1673	0.1673		
flux	SDH_R02164	R02164	0.0924	0.0924		
flux	FUM_R01082	R01082	0.0924	0.0924		
flux	MDH_R00342	R00342	0.0602	0.0602		
flux	CNL_R99999	R99999	0.4	0		
!!SBtab TableName='Concentration' TableType='Quantity' Unit='M'						
!QuantityType	!Compound	!Compound:Identifiers:kegg.compound	!Concentration			
concentration	_S__Malate	C00149	0.00168			
concentration	Acetyl_CoA	C00024	0.000606			
concentration	Fumarate	C00122	0.000115			
concentration	cis_Aconitate	C00417	0.0000161			
concentration	_6_Phospho_D_gluconate	C00345	0.00381			
concentration	Orthophosphate	C00009	NaN			
concentration	Pyruvate	C00022	0.00039			
concentration	NADPplus	C00006	0.00000208			
concentration	NADPH	C00005	0.000121			
concentration	NADH	C00004	0.0000832			
concentration	NADplus	C00003	0.00255			
concentration	ATP	C00002	0.00963			
concentration	H2O	C00001	NaN			
concentration	_2_Oxoglutarate	C00026	0.000443			
concentration	Oxaloacetate	C00036	NaN			
concentration	Ubiquinone	C00399	NaN			
concentration	D_Erythrose_4_phosphate	C00279	NaN			
concentration	Ubiquinol	C00390	NaN			
concentration	ADP	C00008	0.000555			
concentration	Isocitrate	C00311	0.00002			
concentration	D_Ribulose_5_phosphate	C00199	NaN			
concentration	D_Xylulose_5_phosphate	C00231	NaN			
concentration	D_Glucose_6_phosphate	C00092	0.00875			
concentration	_3_Phospho_D_glyceroyl_phosphate	C00236	NaN			
concentration	CoA	C00010	0.00137			
concentration	CO2	C00011	NaN			
concentration	D_Ribose_5_phosphate	C00117	0.00132			
concentration	Glycerone_phosphate	C00111	0.000374			
concentration	D_Glucose	C00031	0.0174			
concentration	D_Fructose_1_6_bisphosphate	C00354	0.0152			
concentration	D_Glyceraldehyde_3_phosphate	C00118	NaN			
concentration	Phosphoenolpyruvate	C00074	0.000184			
concentration	Citrate	C00158	0.00196			
concentration	Succinyl_CoA	C00091	0.000233			
concentration	_3_Phospho_D_glycerate	C00197	0.00154			
concentration	D_Glucono_1_5_lactone_6_phosphate	C01236	NaN			
concentration	D_Fructose_6_phosphate	C00085	NaN			
concentration	_2_Phospho_D_glycerate	C00631	NaN			
concentration	Succinate	C00042	0.000569			
concentration	Sedoheptulose_7_phosphate	C05382	NaN			
!!SBtab TableName='EnzymeConcentration' TableType='Quantity' Unit='M'						
!QuantityType	!Reaction	!Reaction:Identifiers:kegg.reaction	!EnzymeConcentration			
concentration of enzyme	PTS_RPTSsy	RPTSsy	0.00000528			
concentration of enzyme	PGI_R02740	R02740	0.00000443			
concentration of enzyme	PFK_R04779	R04779	0.00000246			
concentration of enzyme	ALD_R01070	R01070	NaN			
concentration of enzyme	TIM_R01015	R01015	0.00000613			
concentration of enzyme	GAP_R01061	R01061	0.0000241			
concentration of enzyme	PGK_R01512	R01512	0.0000145			
concentration of enzyme	PGM_R01518	R01518	0.00000806			
concentration of enzyme	PGH_R00658	R00658	0.0000249			
concentration of enzyme	PYK_R00200	R00200	0.00000766			
concentration of enzyme	PDH_R00209	R00209	0.00000777			
concentration of enzyme	ZWF_R00835	R00835	0.0000014			
concentration of enzyme	GLH_R02035	R02035	0.00000178			
concentration of enzyme	PGD_R01528	R01528	0.0000135			
concentration of enzyme	RPI_R01056	R01056	0.00000362			
concentration of enzyme	RPE_R01529	R01529	0.00000236			
concentration of enzyme	TXT_R01641	R01641	NaN			
concentration of enzyme	TAL_R08575	R08575	0.0000099			
concentration of enzyme	TXT_R01067	R01067	0.0000018			
concentration of enzyme	FBP_R00762	R00762	NaN			
concentration of enzyme	CSN_R00351	R00351	0.00000604			
concentration of enzyme	ACN_R01325	R01325	0.00000604			
concentration of enzyme	ACN_R01900	R01900	0.00000603			
concentration of enzyme	ICD_R00709	R00709	0.0000179			
concentration of enzyme	KGD_R08549	R08549	NaN			
concentration of enzyme	SCS_R00405	R00405	NaN			
concentration of enzyme	SDH_R02164	R02164	NaN			
concentration of enzyme	FUM_R01082	R01082	0.0000016			
concentration of enzyme	MDH_R00342	R00342	0.0000241			
concentration of enzyme	CNL_R99999	R99999	NaN			
!!SBtab TableName='Position' TableType='Position'						
!Element	!PositionX	!PositionY				
_S__Malate	0.328	0.0951				
Acetyl_CoA	0.359	0.229				
Fumarate	0.362	-0.00161				
cis_Aconitate	0.562	0.21				
_6_Phospho_D_gluconate	0.616	0.957				
Orthophosphate	0.0564	0.638				
Pyruvate	0.352	0.309				
NADPplus	0.0595	0.388				
NADPH	0.0611	0.447				
NADH	0.0595	0.562				
NADplus	0.058	0.506				
ATP	0.0564	0.698				
H2O	0.449	0.128				
_2_Oxoglutarate	0.644	0.0556				
Oxaloacetate	0.356	0.176				
Ubiquinone	0.331	-0.00941				
D_Erythrose_4_phosphate	0.504	0.871				
Ubiquinol	0.317	-0.0326				
ADP	0.0549	0.758				
Isocitrate	0.638	0.138				
D_Ribulose_5_phosphate	0.668	0.871				
D_Xylulose_5_phosphate	0.609	0.841				
D_Glucose_6_phosphate	0.352	0.965				
_3_Phospho_D_glyceroyl_phosphate	0.352	0.642				
CoA	0.392	0.279				
CO2	0.545	0.124				
D_Ribose_5_phosphate	0.614	0.761				
Glycerone_phosphate	0.268	0.746				
D_Glucose	0.111	0.966				
D_Fructose_1_6_bisphosphate	0.352	0.828				
D_Glyceraldehyde_3_phosphate	0.352	0.721				
Phosphoenolpyruvate	0.352	0.407				
Citrate	0.446	0.221				
Succinyl_CoA	0.586	-0.0187				
_3_Phospho_D_glycerate	0.352	0.569				
D_Glucono_1_5_lactone_6_phosphate	0.494	0.983				
D_Fructose_6_phosphate	0.352	0.895				
_2_Phospho_D_glycerate	0.352	0.486				
Succinate	0.466	-0.0512				
Sedoheptulose_7_phosphate	0.575	0.822				
PTS_RPTSsy	0.181	0.965				
PGI_R02740	0.352	0.924				
PFK_R04779	0.334	0.859				
ALD_R01070	0.352	0.791				
TIM_R01015	0.297	0.717				
GAP_R01061	0.352	0.683				
PGK_R01512	0.352	0.606				
PGM_R01518	0.352	0.524				
PGH_R00658	0.352	0.438				
PYK_R00200	0.352	0.354				
PDH_R00209	0.352	0.266				
ZWF_R00835	0.429	0.983				
GLH_R02035	0.585	0.974				
PGD_R01528	0.651	0.919				
RPI_R01056	0.664	0.801				
RPE_R01529	0.637	0.86				
TXT_R01641	0.502	0.736				
TAL_R08575	0.567	0.887				
TXT_R01067	0.427	0.838				
FBP_R00762	0.372	0.857				
CSN_R00351	0.393	0.198				
ACN_R01325	0.506	0.224				
ACN_R01900	0.614	0.176				
ICD_R00709	0.645	0.1				
KGD_R08549	0.622	0.0169				
SCS_R00405	0.535	-0.0373				
SDH_R02164	0.402	-0.0392				
FUM_R01082	0.34	0.0355				
MDH_R00342	0.334	0.141				
