!!SBtab TableName='Reaction' TableType='Reaction' Document='Model' SBtabVersion='0.8'							
!Reaction	!SumFormula	!Identifiers:kegg.reaction	!IsReversible	!Gene	!KineticLaw:Name	!KineticLaw	
PTS_RPTSsy	D_Glucose + Phosphoenolpyruvate <=> Pyruvate + D_Glucose_6_phosphate	RPTSsy	True	PTS	Common saturable (CM)	u_R1 * ( kC_R1 * sqrt( kEQ_R1  * kM_R1_D_Glucose * kM_R1_Phosphoenolpyruvate / kM_R1_Pyruvate / kM_R1_D_Glucose_6_phosphate ) * ( D_Glucose / kM_R1_D_Glucose ) * ( Phosphoenolpyruvate / kM_R1_Phosphoenolpyruvate ) - kC_R1 / sqrt( kEQ_R1  * kM_R1_D_Glucose * kM_R1_Phosphoenolpyruvate / kM_R1_Pyruvate / kM_R1_D_Glucose_6_phosphate ) * ( Pyruvate / kM_R1_Pyruvate ) * ( D_Glucose_6_phosphate / kM_R1_D_Glucose_6_phosphate ) ) / ( ( 1 + D_Glucose / kM_R1_D_Glucose ) * ( 1 + Phosphoenolpyruvate / kM_R1_Phosphoenolpyruvate ) + ( 1 + Pyruvate / kM_R1_Pyruvate ) * ( 1 + D_Glucose_6_phosphate / kM_R1_D_Glucose_6_phosphate ) - 1 )	
PGI_R02740	D_Glucose_6_phosphate <=> D_Fructose_6_phosphate	R02740	True	PGI	Common saturable (CM)	u_R2 * ( kC_R2 * sqrt( kEQ_R2  * kM_R2_D_Glucose_6_phosphate / kM_R2_D_Fructose_6_phosphate ) * ( D_Glucose_6_phosphate / kM_R2_D_Glucose_6_phosphate ) - kC_R2 / sqrt( kEQ_R2  * kM_R2_D_Glucose_6_phosphate / kM_R2_D_Fructose_6_phosphate ) * ( D_Fructose_6_phosphate / kM_R2_D_Fructose_6_phosphate ) ) / ( ( 1 + D_Glucose_6_phosphate / kM_R2_D_Glucose_6_phosphate ) + ( 1 + D_Fructose_6_phosphate / kM_R2_D_Fructose_6_phosphate ) - 1 )	
PFK_R04779	ATP + D_Fructose_6_phosphate <=> ADP + D_Fructose_1_6_bisphosphate	R04779	True	PFK	Common saturable (CM)	u_R3 * ( kC_R3 * sqrt( kEQ_R3  * kM_R3_ATP * kM_R3_D_Fructose_6_phosphate / kM_R3_ADP / kM_R3_D_Fructose_1_6_bisphosphate ) * ( ATP / kM_R3_ATP ) * ( D_Fructose_6_phosphate / kM_R3_D_Fructose_6_phosphate ) - kC_R3 / sqrt( kEQ_R3  * kM_R3_ATP * kM_R3_D_Fructose_6_phosphate / kM_R3_ADP / kM_R3_D_Fructose_1_6_bisphosphate ) * ( ADP / kM_R3_ADP ) * ( D_Fructose_1_6_bisphosphate / kM_R3_D_Fructose_1_6_bisphosphate ) ) / ( ( 1 + ATP / kM_R3_ATP ) * ( 1 + D_Fructose_6_phosphate / kM_R3_D_Fructose_6_phosphate ) + ( 1 + ADP / kM_R3_ADP ) * ( 1 + D_Fructose_1_6_bisphosphate / kM_R3_D_Fructose_1_6_bisphosphate ) - 1 )	
ALD_R01070	D_Fructose_1_6_bisphosphate <=> Glycerone_phosphate + D_Glyceraldehyde_3_phosphate	R01070	True	FBA	Common saturable (CM)	u_R4 * ( kC_R4 * sqrt( kEQ_R4  * kM_R4_D_Fructose_1_6_bisphosphate / kM_R4_Glycerone_phosphate / kM_R4_D_Glyceraldehyde_3_phosphate ) * ( D_Fructose_1_6_bisphosphate / kM_R4_D_Fructose_1_6_bisphosphate ) - kC_R4 / sqrt( kEQ_R4  * kM_R4_D_Fructose_1_6_bisphosphate / kM_R4_Glycerone_phosphate / kM_R4_D_Glyceraldehyde_3_phosphate ) * ( Glycerone_phosphate / kM_R4_Glycerone_phosphate ) * ( D_Glyceraldehyde_3_phosphate / kM_R4_D_Glyceraldehyde_3_phosphate ) ) / ( ( 1 + D_Fructose_1_6_bisphosphate / kM_R4_D_Fructose_1_6_bisphosphate ) + ( 1 + Glycerone_phosphate / kM_R4_Glycerone_phosphate ) * ( 1 + D_Glyceraldehyde_3_phosphate / kM_R4_D_Glyceraldehyde_3_phosphate ) - 1 )	
TIM_R01015	Glycerone_phosphate <=> D_Glyceraldehyde_3_phosphate	R01015	True	TPI	Common saturable (CM)	u_R5 * ( kC_R5 * sqrt( kEQ_R5  * kM_R5_Glycerone_phosphate / kM_R5_D_Glyceraldehyde_3_phosphate ) * ( Glycerone_phosphate / kM_R5_Glycerone_phosphate ) - kC_R5 / sqrt( kEQ_R5  * kM_R5_Glycerone_phosphate / kM_R5_D_Glyceraldehyde_3_phosphate ) * ( D_Glyceraldehyde_3_phosphate / kM_R5_D_Glyceraldehyde_3_phosphate ) ) / ( ( 1 + Glycerone_phosphate / kM_R5_Glycerone_phosphate ) + ( 1 + D_Glyceraldehyde_3_phosphate / kM_R5_D_Glyceraldehyde_3_phosphate ) - 1 )	
GAP_R01061	Orthophosphate + NADplus + D_Glyceraldehyde_3_phosphate <=> NADH + _3_Phospho_D_glyceroyl_phosphate	R01061	True	GAP	Common saturable (CM)	u_R6 * ( kC_R6 * sqrt( kEQ_R6  * kM_R6_Orthophosphate * kM_R6_NADplus * kM_R6_D_Glyceraldehyde_3_phosphate / kM_R6_NADH / kM_R6__3_Phospho_D_glyceroyl_phosphate ) * ( Orthophosphate / kM_R6_Orthophosphate ) * ( NADplus / kM_R6_NADplus ) * ( D_Glyceraldehyde_3_phosphate / kM_R6_D_Glyceraldehyde_3_phosphate ) - kC_R6 / sqrt( kEQ_R6  * kM_R6_Orthophosphate * kM_R6_NADplus * kM_R6_D_Glyceraldehyde_3_phosphate / kM_R6_NADH / kM_R6__3_Phospho_D_glyceroyl_phosphate ) * ( NADH / kM_R6_NADH ) * ( _3_Phospho_D_glyceroyl_phosphate / kM_R6__3_Phospho_D_glyceroyl_phosphate ) ) / ( ( 1 + Orthophosphate / kM_R6_Orthophosphate ) * ( 1 + NADplus / kM_R6_NADplus ) * ( 1 + D_Glyceraldehyde_3_phosphate / kM_R6_D_Glyceraldehyde_3_phosphate ) + ( 1 + NADH / kM_R6_NADH ) * ( 1 + _3_Phospho_D_glyceroyl_phosphate / kM_R6__3_Phospho_D_glyceroyl_phosphate ) - 1 )	
PGK_R01512	ADP + _3_Phospho_D_glyceroyl_phosphate <=> ATP + _3_Phospho_D_glycerate	R01512	True	PGK	Common saturable (CM)	u_R7 * ( kC_R7 * sqrt( kEQ_R7  * kM_R7_ADP * kM_R7__3_Phospho_D_glyceroyl_phosphate / kM_R7_ATP / kM_R7__3_Phospho_D_glycerate ) * ( ADP / kM_R7_ADP ) * ( _3_Phospho_D_glyceroyl_phosphate / kM_R7__3_Phospho_D_glyceroyl_phosphate ) - kC_R7 / sqrt( kEQ_R7  * kM_R7_ADP * kM_R7__3_Phospho_D_glyceroyl_phosphate / kM_R7_ATP / kM_R7__3_Phospho_D_glycerate ) * ( ATP / kM_R7_ATP ) * ( _3_Phospho_D_glycerate / kM_R7__3_Phospho_D_glycerate ) ) / ( ( 1 + ADP / kM_R7_ADP ) * ( 1 + _3_Phospho_D_glyceroyl_phosphate / kM_R7__3_Phospho_D_glyceroyl_phosphate ) + ( 1 + ATP / kM_R7_ATP ) * ( 1 + _3_Phospho_D_glycerate / kM_R7__3_Phospho_D_glycerate ) - 1 )	
PGM_R01518	_3_Phospho_D_glycerate <=> _2_Phospho_D_glycerate	R01518	True	GPM	Common saturable (CM)	u_R8 * ( kC_R8 * sqrt( kEQ_R8  * kM_R8__3_Phospho_D_glycerate / kM_R8__2_Phospho_D_glycerate ) * ( _3_Phospho_D_glycerate / kM_R8__3_Phospho_D_glycerate ) - kC_R8 / sqrt( kEQ_R8  * kM_R8__3_Phospho_D_glycerate / kM_R8__2_Phospho_D_glycerate ) * ( _2_Phospho_D_glycerate / kM_R8__2_Phospho_D_glycerate ) ) / ( ( 1 + _3_Phospho_D_glycerate / kM_R8__3_Phospho_D_glycerate ) + ( 1 + _2_Phospho_D_glycerate / kM_R8__2_Phospho_D_glycerate ) - 1 )	
PGH_R00658	_2_Phospho_D_glycerate <=> Phosphoenolpyruvate	R00658	True	ENO	Common saturable (CM)	u_R9 * ( kC_R9 * sqrt( kEQ_R9  * kM_R9__2_Phospho_D_glycerate / kM_R9_Phosphoenolpyruvate ) * ( _2_Phospho_D_glycerate / kM_R9__2_Phospho_D_glycerate ) - kC_R9 / sqrt( kEQ_R9  * kM_R9__2_Phospho_D_glycerate / kM_R9_Phosphoenolpyruvate ) * ( Phosphoenolpyruvate / kM_R9_Phosphoenolpyruvate ) ) / ( ( 1 + _2_Phospho_D_glycerate / kM_R9__2_Phospho_D_glycerate ) + ( 1 + Phosphoenolpyruvate / kM_R9_Phosphoenolpyruvate ) - 1 )	
PYK_R00200	ADP + Phosphoenolpyruvate <=> Pyruvate + ATP	R00200	True	PYK	Common saturable (CM)	u_R10 * ( kC_R10 * sqrt( kEQ_R10  * kM_R10_ADP * kM_R10_Phosphoenolpyruvate / kM_R10_Pyruvate / kM_R10_ATP ) * ( ADP / kM_R10_ADP ) * ( Phosphoenolpyruvate / kM_R10_Phosphoenolpyruvate ) - kC_R10 / sqrt( kEQ_R10  * kM_R10_ADP * kM_R10_Phosphoenolpyruvate / kM_R10_Pyruvate / kM_R10_ATP ) * ( Pyruvate / kM_R10_Pyruvate ) * ( ATP / kM_R10_ATP ) ) / ( ( 1 + ADP / kM_R10_ADP ) * ( 1 + Phosphoenolpyruvate / kM_R10_Phosphoenolpyruvate ) + ( 1 + Pyruvate / kM_R10_Pyruvate ) * ( 1 + ATP / kM_R10_ATP ) - 1 )	
PDH_R00209	Pyruvate + NADplus + CoA <=> Acetyl_CoA + NADH + CO2	R00209	True	PDH	Common saturable (CM)	u_R11 * ( kC_R11 * sqrt( kEQ_R11  * kM_R11_Pyruvate * kM_R11_NADplus * kM_R11_CoA / kM_R11_Acetyl_CoA / kM_R11_NADH / kM_R11_CO2 ) * ( Pyruvate / kM_R11_Pyruvate ) * ( NADplus / kM_R11_NADplus ) * ( CoA / kM_R11_CoA ) - kC_R11 / sqrt( kEQ_R11  * kM_R11_Pyruvate * kM_R11_NADplus * kM_R11_CoA / kM_R11_Acetyl_CoA / kM_R11_NADH / kM_R11_CO2 ) * ( Acetyl_CoA / kM_R11_Acetyl_CoA ) * ( NADH / kM_R11_NADH ) * ( CO2 / kM_R11_CO2 ) ) / ( ( 1 + Pyruvate / kM_R11_Pyruvate ) * ( 1 + NADplus / kM_R11_NADplus ) * ( 1 + CoA / kM_R11_CoA ) + ( 1 + Acetyl_CoA / kM_R11_Acetyl_CoA ) * ( 1 + NADH / kM_R11_NADH ) * ( 1 + CO2 / kM_R11_CO2 ) - 1 )	
ZWF_R00835	NADPplus + D_Glucose_6_phosphate <=> NADPH + D_Glucono_1_5_lactone_6_phosphate	R00835	True	ZWF	Common saturable (CM)	u_R12 * ( kC_R12 * sqrt( kEQ_R12  * kM_R12_NADPplus * kM_R12_D_Glucose_6_phosphate / kM_R12_NADPH / kM_R12_D_Glucono_1_5_lactone_6_phosphate ) * ( NADPplus / kM_R12_NADPplus ) * ( D_Glucose_6_phosphate / kM_R12_D_Glucose_6_phosphate ) - kC_R12 / sqrt( kEQ_R12  * kM_R12_NADPplus * kM_R12_D_Glucose_6_phosphate / kM_R12_NADPH / kM_R12_D_Glucono_1_5_lactone_6_phosphate ) * ( NADPH / kM_R12_NADPH ) * ( D_Glucono_1_5_lactone_6_phosphate / kM_R12_D_Glucono_1_5_lactone_6_phosphate ) ) / ( ( 1 + NADPplus / kM_R12_NADPplus ) * ( 1 + D_Glucose_6_phosphate / kM_R12_D_Glucose_6_phosphate ) + ( 1 + NADPH / kM_R12_NADPH ) * ( 1 + D_Glucono_1_5_lactone_6_phosphate / kM_R12_D_Glucono_1_5_lactone_6_phosphate ) - 1 )	
GLH_R02035	D_Glucono_1_5_lactone_6_phosphate <=> _6_Phospho_D_gluconate	R02035	True	PGL	Common saturable (CM)	u_R13 * ( kC_R13 * sqrt( kEQ_R13  * kM_R13_D_Glucono_1_5_lactone_6_phosphate / kM_R13__6_Phospho_D_gluconate ) * ( D_Glucono_1_5_lactone_6_phosphate / kM_R13_D_Glucono_1_5_lactone_6_phosphate ) - kC_R13 / sqrt( kEQ_R13  * kM_R13_D_Glucono_1_5_lactone_6_phosphate / kM_R13__6_Phospho_D_gluconate ) * ( _6_Phospho_D_gluconate / kM_R13__6_Phospho_D_gluconate ) ) / ( ( 1 + D_Glucono_1_5_lactone_6_phosphate / kM_R13_D_Glucono_1_5_lactone_6_phosphate ) + ( 1 + _6_Phospho_D_gluconate / kM_R13__6_Phospho_D_gluconate ) - 1 )	
PGD_R01528	_6_Phospho_D_gluconate + NADPplus <=> NADPH + D_Ribulose_5_phosphate + CO2	R01528	True	GND	Common saturable (CM)	u_R14 * ( kC_R14 * sqrt( kEQ_R14  * kM_R14__6_Phospho_D_gluconate * kM_R14_NADPplus / kM_R14_NADPH / kM_R14_D_Ribulose_5_phosphate / kM_R14_CO2 ) * ( _6_Phospho_D_gluconate / kM_R14__6_Phospho_D_gluconate ) * ( NADPplus / kM_R14_NADPplus ) - kC_R14 / sqrt( kEQ_R14  * kM_R14__6_Phospho_D_gluconate * kM_R14_NADPplus / kM_R14_NADPH / kM_R14_D_Ribulose_5_phosphate / kM_R14_CO2 ) * ( NADPH / kM_R14_NADPH ) * ( D_Ribulose_5_phosphate / kM_R14_D_Ribulose_5_phosphate ) * ( CO2 / kM_R14_CO2 ) ) / ( ( 1 + _6_Phospho_D_gluconate / kM_R14__6_Phospho_D_gluconate ) * ( 1 + NADPplus / kM_R14_NADPplus ) + ( 1 + NADPH / kM_R14_NADPH ) * ( 1 + D_Ribulose_5_phosphate / kM_R14_D_Ribulose_5_phosphate ) * ( 1 + CO2 / kM_R14_CO2 ) - 1 )	
RPI_R01056	D_Ribulose_5_phosphate <=> D_Ribose_5_phosphate	R01056	True	RPI	Common saturable (CM)	u_R15 * ( kC_R15 * sqrt( kEQ_R15  * kM_R15_D_Ribulose_5_phosphate / kM_R15_D_Ribose_5_phosphate ) * ( D_Ribulose_5_phosphate / kM_R15_D_Ribulose_5_phosphate ) - kC_R15 / sqrt( kEQ_R15  * kM_R15_D_Ribulose_5_phosphate / kM_R15_D_Ribose_5_phosphate ) * ( D_Ribose_5_phosphate / kM_R15_D_Ribose_5_phosphate ) ) / ( ( 1 + D_Ribulose_5_phosphate / kM_R15_D_Ribulose_5_phosphate ) + ( 1 + D_Ribose_5_phosphate / kM_R15_D_Ribose_5_phosphate ) - 1 )	
RPE_R01529	D_Ribulose_5_phosphate <=> D_Xylulose_5_phosphate	R01529	True	RPE	Common saturable (CM)	u_R16 * ( kC_R16 * sqrt( kEQ_R16  * kM_R16_D_Ribulose_5_phosphate / kM_R16_D_Xylulose_5_phosphate ) * ( D_Ribulose_5_phosphate / kM_R16_D_Ribulose_5_phosphate ) - kC_R16 / sqrt( kEQ_R16  * kM_R16_D_Ribulose_5_phosphate / kM_R16_D_Xylulose_5_phosphate ) * ( D_Xylulose_5_phosphate / kM_R16_D_Xylulose_5_phosphate ) ) / ( ( 1 + D_Ribulose_5_phosphate / kM_R16_D_Ribulose_5_phosphate ) + ( 1 + D_Xylulose_5_phosphate / kM_R16_D_Xylulose_5_phosphate ) - 1 )	
TXT_R01641	D_Xylulose_5_phosphate + D_Ribose_5_phosphate <=> D_Glyceraldehyde_3_phosphate + Sedoheptulose_7_phosphate	R01641	True	TKT1	Common saturable (CM)	u_R17 * ( kC_R17 * sqrt( kEQ_R17  * kM_R17_D_Xylulose_5_phosphate * kM_R17_D_Ribose_5_phosphate / kM_R17_D_Glyceraldehyde_3_phosphate / kM_R17_Sedoheptulose_7_phosphate ) * ( D_Xylulose_5_phosphate / kM_R17_D_Xylulose_5_phosphate ) * ( D_Ribose_5_phosphate / kM_R17_D_Ribose_5_phosphate ) - kC_R17 / sqrt( kEQ_R17  * kM_R17_D_Xylulose_5_phosphate * kM_R17_D_Ribose_5_phosphate / kM_R17_D_Glyceraldehyde_3_phosphate / kM_R17_Sedoheptulose_7_phosphate ) * ( D_Glyceraldehyde_3_phosphate / kM_R17_D_Glyceraldehyde_3_phosphate ) * ( Sedoheptulose_7_phosphate / kM_R17_Sedoheptulose_7_phosphate ) ) / ( ( 1 + D_Xylulose_5_phosphate / kM_R17_D_Xylulose_5_phosphate ) * ( 1 + D_Ribose_5_phosphate / kM_R17_D_Ribose_5_phosphate ) + ( 1 + D_Glyceraldehyde_3_phosphate / kM_R17_D_Glyceraldehyde_3_phosphate ) * ( 1 + Sedoheptulose_7_phosphate / kM_R17_Sedoheptulose_7_phosphate ) - 1 )	
TAL_R08575	D_Glyceraldehyde_3_phosphate + Sedoheptulose_7_phosphate <=> D_Erythrose_4_phosphate + D_Fructose_6_phosphate	R08575	True	TAL	Common saturable (CM)	u_R18 * ( kC_R18 * sqrt( kEQ_R18  * kM_R18_D_Glyceraldehyde_3_phosphate * kM_R18_Sedoheptulose_7_phosphate / kM_R18_D_Erythrose_4_phosphate / kM_R18_D_Fructose_6_phosphate ) * ( D_Glyceraldehyde_3_phosphate / kM_R18_D_Glyceraldehyde_3_phosphate ) * ( Sedoheptulose_7_phosphate / kM_R18_Sedoheptulose_7_phosphate ) - kC_R18 / sqrt( kEQ_R18  * kM_R18_D_Glyceraldehyde_3_phosphate * kM_R18_Sedoheptulose_7_phosphate / kM_R18_D_Erythrose_4_phosphate / kM_R18_D_Fructose_6_phosphate ) * ( D_Erythrose_4_phosphate / kM_R18_D_Erythrose_4_phosphate ) * ( D_Fructose_6_phosphate / kM_R18_D_Fructose_6_phosphate ) ) / ( ( 1 + D_Glyceraldehyde_3_phosphate / kM_R18_D_Glyceraldehyde_3_phosphate ) * ( 1 + Sedoheptulose_7_phosphate / kM_R18_Sedoheptulose_7_phosphate ) + ( 1 + D_Erythrose_4_phosphate / kM_R18_D_Erythrose_4_phosphate ) * ( 1 + D_Fructose_6_phosphate / kM_R18_D_Fructose_6_phosphate ) - 1 )	
TXT_R01067	D_Erythrose_4_phosphate + D_Xylulose_5_phosphate <=> D_Glyceraldehyde_3_phosphate + D_Fructose_6_phosphate	R01067	True	TKT2	Common saturable (CM)	u_R19 * ( kC_R19 * sqrt( kEQ_R19  * kM_R19_D_Erythrose_4_phosphate * kM_R19_D_Xylulose_5_phosphate / kM_R19_D_Glyceraldehyde_3_phosphate / kM_R19_D_Fructose_6_phosphate ) * ( D_Erythrose_4_phosphate / kM_R19_D_Erythrose_4_phosphate ) * ( D_Xylulose_5_phosphate / kM_R19_D_Xylulose_5_phosphate ) - kC_R19 / sqrt( kEQ_R19  * kM_R19_D_Erythrose_4_phosphate * kM_R19_D_Xylulose_5_phosphate / kM_R19_D_Glyceraldehyde_3_phosphate / kM_R19_D_Fructose_6_phosphate ) * ( D_Glyceraldehyde_3_phosphate / kM_R19_D_Glyceraldehyde_3_phosphate ) * ( D_Fructose_6_phosphate / kM_R19_D_Fructose_6_phosphate ) ) / ( ( 1 + D_Erythrose_4_phosphate / kM_R19_D_Erythrose_4_phosphate ) * ( 1 + D_Xylulose_5_phosphate / kM_R19_D_Xylulose_5_phosphate ) + ( 1 + D_Glyceraldehyde_3_phosphate / kM_R19_D_Glyceraldehyde_3_phosphate ) * ( 1 + D_Fructose_6_phosphate / kM_R19_D_Fructose_6_phosphate ) - 1 )	
FBP_R00762	D_Fructose_1_6_bisphosphate <=> Orthophosphate + D_Fructose_6_phosphate	R00762	True	FBP	Common saturable (CM)	u_R20 * ( kC_R20 * sqrt( kEQ_R20  * kM_R20_D_Fructose_1_6_bisphosphate / kM_R20_Orthophosphate / kM_R20_D_Fructose_6_phosphate ) * ( D_Fructose_1_6_bisphosphate / kM_R20_D_Fructose_1_6_bisphosphate ) - kC_R20 / sqrt( kEQ_R20  * kM_R20_D_Fructose_1_6_bisphosphate / kM_R20_Orthophosphate / kM_R20_D_Fructose_6_phosphate ) * ( Orthophosphate / kM_R20_Orthophosphate ) * ( D_Fructose_6_phosphate / kM_R20_D_Fructose_6_phosphate ) ) / ( ( 1 + D_Fructose_1_6_bisphosphate / kM_R20_D_Fructose_1_6_bisphosphate ) + ( 1 + Orthophosphate / kM_R20_Orthophosphate ) * ( 1 + D_Fructose_6_phosphate / kM_R20_D_Fructose_6_phosphate ) - 1 )	
CSN_R00351	Acetyl_CoA + Oxaloacetate <=> CoA + Citrate	R00351	True	CSN	Common saturable (CM)	u_R21 * ( kC_R21 * sqrt( kEQ_R21  * kM_R21_Acetyl_CoA * kM_R21_Oxaloacetate / kM_R21_CoA / kM_R21_Citrate ) * ( Acetyl_CoA / kM_R21_Acetyl_CoA ) * ( Oxaloacetate / kM_R21_Oxaloacetate ) - kC_R21 / sqrt( kEQ_R21  * kM_R21_Acetyl_CoA * kM_R21_Oxaloacetate / kM_R21_CoA / kM_R21_Citrate ) * ( CoA / kM_R21_CoA ) * ( Citrate / kM_R21_Citrate ) ) / ( ( 1 + Acetyl_CoA / kM_R21_Acetyl_CoA ) * ( 1 + Oxaloacetate / kM_R21_Oxaloacetate ) + ( 1 + CoA / kM_R21_CoA ) * ( 1 + Citrate / kM_R21_Citrate ) - 1 )	
ACN_R01325	Citrate <=> cis_Aconitate	R01325	True	ACN1	Common saturable (CM)	u_R22 * ( kC_R22 * sqrt( kEQ_R22  * kM_R22_Citrate / kM_R22_cis_Aconitate ) * ( Citrate / kM_R22_Citrate ) - kC_R22 / sqrt( kEQ_R22  * kM_R22_Citrate / kM_R22_cis_Aconitate ) * ( cis_Aconitate / kM_R22_cis_Aconitate ) ) / ( ( 1 + Citrate / kM_R22_Citrate ) + ( 1 + cis_Aconitate / kM_R22_cis_Aconitate ) - 1 )	
ACN_R01900	cis_Aconitate <=> Isocitrate	R01900	True	ACN2	Common saturable (CM)	u_R23 * ( kC_R23 * sqrt( kEQ_R23  * kM_R23_cis_Aconitate / kM_R23_Isocitrate ) * ( cis_Aconitate / kM_R23_cis_Aconitate ) - kC_R23 / sqrt( kEQ_R23  * kM_R23_cis_Aconitate / kM_R23_Isocitrate ) * ( Isocitrate / kM_R23_Isocitrate ) ) / ( ( 1 + cis_Aconitate / kM_R23_cis_Aconitate ) + ( 1 + Isocitrate / kM_R23_Isocitrate ) - 1 )	
ICD_R00709	NADplus + Isocitrate <=> NADH + _2_Oxoglutarate + CO2	R00709	True	ICD	Common saturable (CM)	u_R24 * ( kC_R24 * sqrt( kEQ_R24  * kM_R24_NADplus * kM_R24_Isocitrate / kM_R24_NADH / kM_R24__2_Oxoglutarate / kM_R24_CO2 ) * ( NADplus / kM_R24_NADplus ) * ( Isocitrate / kM_R24_Isocitrate ) - kC_R24 / sqrt( kEQ_R24  * kM_R24_NADplus * kM_R24_Isocitrate / kM_R24_NADH / kM_R24__2_Oxoglutarate / kM_R24_CO2 ) * ( NADH / kM_R24_NADH ) * ( _2_Oxoglutarate / kM_R24__2_Oxoglutarate ) * ( CO2 / kM_R24_CO2 ) ) / ( ( 1 + NADplus / kM_R24_NADplus ) * ( 1 + Isocitrate / kM_R24_Isocitrate ) + ( 1 + NADH / kM_R24_NADH ) * ( 1 + _2_Oxoglutarate / kM_R24__2_Oxoglutarate ) * ( 1 + CO2 / kM_R24_CO2 ) - 1 )	
KGD_R08549	NADplus + _2_Oxoglutarate + CoA <=> NADH + CO2 + Succinyl_CoA	R08549	True	KGD	Common saturable (CM)	u_R25 * ( kC_R25 * sqrt( kEQ_R25  * kM_R25_NADplus * kM_R25__2_Oxoglutarate * kM_R25_CoA / kM_R25_NADH / kM_R25_CO2 / kM_R25_Succinyl_CoA ) * ( NADplus / kM_R25_NADplus ) * ( _2_Oxoglutarate / kM_R25__2_Oxoglutarate ) * ( CoA / kM_R25_CoA ) - kC_R25 / sqrt( kEQ_R25  * kM_R25_NADplus * kM_R25__2_Oxoglutarate * kM_R25_CoA / kM_R25_NADH / kM_R25_CO2 / kM_R25_Succinyl_CoA ) * ( NADH / kM_R25_NADH ) * ( CO2 / kM_R25_CO2 ) * ( Succinyl_CoA / kM_R25_Succinyl_CoA ) ) / ( ( 1 + NADplus / kM_R25_NADplus ) * ( 1 + _2_Oxoglutarate / kM_R25__2_Oxoglutarate ) * ( 1 + CoA / kM_R25_CoA ) + ( 1 + NADH / kM_R25_NADH ) * ( 1 + CO2 / kM_R25_CO2 ) * ( 1 + Succinyl_CoA / kM_R25_Succinyl_CoA ) - 1 )	
SCS_R00405	Orthophosphate + ADP + Succinyl_CoA <=> ATP + CoA + Succinate	R00405	True	SCS	Common saturable (CM)	u_R26 * ( kC_R26 * sqrt( kEQ_R26  * kM_R26_Orthophosphate * kM_R26_ADP * kM_R26_Succinyl_CoA / kM_R26_ATP / kM_R26_CoA / kM_R26_Succinate ) * ( Orthophosphate / kM_R26_Orthophosphate ) * ( ADP / kM_R26_ADP ) * ( Succinyl_CoA / kM_R26_Succinyl_CoA ) - kC_R26 / sqrt( kEQ_R26  * kM_R26_Orthophosphate * kM_R26_ADP * kM_R26_Succinyl_CoA / kM_R26_ATP / kM_R26_CoA / kM_R26_Succinate ) * ( ATP / kM_R26_ATP ) * ( CoA / kM_R26_CoA ) * ( Succinate / kM_R26_Succinate ) ) / ( ( 1 + Orthophosphate / kM_R26_Orthophosphate ) * ( 1 + ADP / kM_R26_ADP ) * ( 1 + Succinyl_CoA / kM_R26_Succinyl_CoA ) + ( 1 + ATP / kM_R26_ATP ) * ( 1 + CoA / kM_R26_CoA ) * ( 1 + Succinate / kM_R26_Succinate ) - 1 )	
SDH_R02164	Ubiquinone + Succinate <=> Fumarate + Ubiquinol	R02164	True	SDH	Common saturable (CM)	u_R27 * ( kC_R27 * sqrt( kEQ_R27  * kM_R27_Ubiquinone * kM_R27_Succinate / kM_R27_Fumarate / kM_R27_Ubiquinol ) * ( Ubiquinone / kM_R27_Ubiquinone ) * ( Succinate / kM_R27_Succinate ) - kC_R27 / sqrt( kEQ_R27  * kM_R27_Ubiquinone * kM_R27_Succinate / kM_R27_Fumarate / kM_R27_Ubiquinol ) * ( Fumarate / kM_R27_Fumarate ) * ( Ubiquinol / kM_R27_Ubiquinol ) ) / ( ( 1 + Ubiquinone / kM_R27_Ubiquinone ) * ( 1 + Succinate / kM_R27_Succinate ) + ( 1 + Fumarate / kM_R27_Fumarate ) * ( 1 + Ubiquinol / kM_R27_Ubiquinol ) - 1 )	
FUM_R01082	Fumarate <=> _S__Malate	R01082	True	FUM	Common saturable (CM)	u_R28 * ( kC_R28 * sqrt( kEQ_R28  * kM_R28_Fumarate / kM_R28__S__Malate ) * ( Fumarate / kM_R28_Fumarate ) - kC_R28 / sqrt( kEQ_R28  * kM_R28_Fumarate / kM_R28__S__Malate ) * ( _S__Malate / kM_R28__S__Malate ) ) / ( ( 1 + Fumarate / kM_R28_Fumarate ) + ( 1 + _S__Malate / kM_R28__S__Malate ) - 1 )	
MDH_R00342	_S__Malate + NADplus <=> NADH + Oxaloacetate	R00342	True	MDH	Common saturable (CM)	u_R29 * ( kC_R29 * sqrt( kEQ_R29  * kM_R29__S__Malate * kM_R29_NADplus / kM_R29_NADH / kM_R29_Oxaloacetate ) * ( _S__Malate / kM_R29__S__Malate ) * ( NADplus / kM_R29_NADplus ) - kC_R29 / sqrt( kEQ_R29  * kM_R29__S__Malate * kM_R29_NADplus / kM_R29_NADH / kM_R29_Oxaloacetate ) * ( NADH / kM_R29_NADH ) * ( Oxaloacetate / kM_R29_Oxaloacetate ) ) / ( ( 1 + _S__Malate / kM_R29__S__Malate ) * ( 1 + NADplus / kM_R29_NADplus ) + ( 1 + NADH / kM_R29_NADH ) * ( 1 + Oxaloacetate / kM_R29_Oxaloacetate ) - 1 )	
PPC_R00345	Orthophosphate + Oxaloacetate <=> CO2 + Phosphoenolpyruvate	R00345	True	PPC	Common saturable (CM)	u_R30 * ( kC_R30 * sqrt( kEQ_R30  * kM_R30_Orthophosphate * kM_R30_Oxaloacetate / kM_R30_CO2 / kM_R30_Phosphoenolpyruvate ) * ( Orthophosphate / kM_R30_Orthophosphate ) * ( Oxaloacetate / kM_R30_Oxaloacetate ) - kC_R30 / sqrt( kEQ_R30  * kM_R30_Orthophosphate * kM_R30_Oxaloacetate / kM_R30_CO2 / kM_R30_Phosphoenolpyruvate ) * ( CO2 / kM_R30_CO2 ) * ( Phosphoenolpyruvate / kM_R30_Phosphoenolpyruvate ) ) / ( ( 1 + Orthophosphate / kM_R30_Orthophosphate ) * ( 1 + Oxaloacetate / kM_R30_Oxaloacetate ) + ( 1 + CO2 / kM_R30_CO2 ) * ( 1 + Phosphoenolpyruvate / kM_R30_Phosphoenolpyruvate ) - 1 )	
%							
!!SBtab TableName='Compound' TableType='Compound' Document='Model' SBtabVersion='0.8'							
!Compound	!FullName	!Compound:Identifiers:kegg.compound	!IsConstant	!Name			
_S__Malate	(S)-Malate	C00149	False	mal			
Acetyl_CoA	Acetyl-CoA	C00024	False	acCoA			
Fumarate	Fumarate	C00122	False	fum			
cis_Aconitate	cis-Aconitate	C00417	False	acon			
_6_Phospho_D_gluconate	6-Phospho-D-gluconate	C00345	False	gluconate-6P			
Orthophosphate	Orthophosphate	C00009	True	Pi			
Pyruvate	Pyruvate	C00022	False	pyr			
NADPplus	NADP+	C00006	True	NADP+			
NADPH	NADPH	C00005	True	NADPH			
NADH	NADH	C00004	True	NADH			
NADplus	NAD+	C00003	True	NAD+			
ATP	ATP	C00002	True	ATP			
H2O	H2O	C00001	True	H2O			
_2_Oxoglutarate	2-Oxoglutarate	C00026	False	AKG			
Oxaloacetate	Oxaloacetate	C00036	False	OXA			
Ubiquinone	Ubiquinone	C00399	True	ubiquinone			
D_Erythrose_4_phosphate	D-Erythrose 4-phosphate	C00279	False	E4P			
Ubiquinol	Ubiquinol	C00390	True	ubiquinol			
ADP	ADP	C00008	True	ADP			
Isocitrate	Isocitrate	C00311	False	icit			
D_Ribulose_5_phosphate	D-Ribulose 5-phosphate	C00199	False	ru5P			
D_Xylulose_5_phosphate	D-Xylulose 5-phosphate	C00231	False	Xu5P			
D_Glucose_6_phosphate	D-Glucose 6-phosphate	C00092	False	G6P			
_3_Phospho_D_glyceroyl_phosphate	3-Phospho-D-glyceroyl phosphate	C00236	False	BPG			
CoA	CoA	C00010	False	CoA			
CO2	CO2	C00011	True	CO2			
D_Ribose_5_phosphate	D-Ribose 5-phosphate	C00117	False	R5P			
Glycerone_phosphate	Glycerone phosphate	C00111	False	DHAP			
D_Glucose	D-Glucose	C00031	True	glu			
D_Fructose_1_6_bisphosphate	D-Fructose 1,6-bisphosphate	C00354	False	FBP			
D_Glyceraldehyde_3_phosphate	D-Glyceraldehyde 3-phosphate	C00118	False	GA3P			
Phosphoenolpyruvate	Phosphoenolpyruvate	C00074	False	PEP			
Citrate	Citrate	C00158	False	cit			
Succinyl_CoA	Succinyl-CoA	C00091	False	sucCoA			
_3_Phospho_D_glycerate	3-Phospho-D-glycerate	C00197	False	3PG			
D_Glucono_1_5_lactone_6_phosphate	D-Glucono-1,5-lactone 6-phosphate	C01236	False	glucono-lactone-6P			
D_Fructose_6_phosphate	D-Fructose 6-phosphate	C00085	False	F6P			
_2_Phospho_D_glycerate	2-Phospho-D-glycerate	C00631	False	2PG			
Succinate	Succinate	C00042	False	succ			
Sedoheptulose_7_phosphate	Sedoheptulose 7-phosphate	C05382	False	S7P			
%							
!!SBtab TableName='RateConstant' TableType='Quantity' Document='Model' SBtabVersion='0.8'							
!QuantityType	!Value	!Unit	!Compound	!Reaction	!Compound:Identifiers:kegg.compound	!Reaction:Identifiers:kegg.reaction	!SBML:parameter:id
equilibrium constant	51340046			PTS_RPTSsy		RPTSsy	kEQ_R1
equilibrium constant	0.36576352			PGI_R02740		R02740	kEQ_R2
equilibrium constant	1686.0502			PFK_R04779		R04779	kEQ_R3
equilibrium constant	0.19083567			ALD_R01070		R01070	kEQ_R4
equilibrium constant	0.10880772			TIM_R01015		R01015	kEQ_R5
equilibrium constant	0.000369325			GAP_R01061		R01061	kEQ_R6
equilibrium constant	1798.8704			PGK_R01512		R01512	kEQ_R7
equilibrium constant	0.19005781			PGM_R01518		R01518	kEQ_R8
equilibrium constant	5.1500962			PGH_R00658		R00658	kEQ_R9
equilibrium constant	21009.861			PYK_R00200		R00200	kEQ_R10
equilibrium constant	1549350.9			PDH_R00209		R00209	kEQ_R11
equilibrium constant	12.743901			ZWF_R00835		R00835	kEQ_R12
equilibrium constant	19686.771			GLH_R02035		R02035	kEQ_R13
equilibrium constant	12.168412			PGD_R01528		R01528	kEQ_R14
equilibrium constant	2.2545738			RPI_R01056		R01056	kEQ_R15
equilibrium constant	3.874617			RPE_R01529		R01529	kEQ_R16
equilibrium constant	4.6931297			TXT_R01641		R01641	kEQ_R17
equilibrium constant	1.3175431			TAL_R08575		R08575	kEQ_R18
equilibrium constant	58.351651			TXT_R01067		R01067	kEQ_R19
equilibrium constant	46298.203			FBP_R00762		R00762	kEQ_R20
equilibrium constant	4991918.7			CSN_R00351		R00351	kEQ_R21
equilibrium constant	0.035482795			ACN_R01325		R01325	kEQ_R22
equilibrium constant	1.3171737			ACN_R01900		R01900	kEQ_R23
equilibrium constant	97.814638			ICD_R00709		R00709	kEQ_R24
equilibrium constant	87158.32			KGD_R08549		R08549	kEQ_R25
equilibrium constant	0.58456115			SCS_R00405		R00405	kEQ_R26
equilibrium constant	5756.8025			SDH_R02164		R02164	kEQ_R27
equilibrium constant	3.9855529			FUM_R01082		R01082	kEQ_R28
equilibrium constant	2.0550821E-005			MDH_R00342		R00342	kEQ_R29
equilibrium constant	0.000001			PPC_R00345		R00345	kEQ_R30
catalytic rate constant geometric mean	336.74878	1/s		PTS_RPTSsy		RPTSsy	kC_R1
catalytic rate constant geometric mean	351.88926	1/s		PGI_R02740		R02740	kC_R2
catalytic rate constant geometric mean	335.00019	1/s		PFK_R04779		R04779	kC_R3
catalytic rate constant geometric mean	349.98033	1/s		ALD_R01070		R01070	kC_R4
catalytic rate constant geometric mean	856.09931	1/s		TIM_R01015		R01015	kC_R5
catalytic rate constant geometric mean	272.82471	1/s		GAP_R01061		R01061	kC_R6
catalytic rate constant geometric mean	257.77296	1/s		PGK_R01512		R01512	kC_R7
catalytic rate constant geometric mean	212.87371	1/s		PGM_R01518		R01518	kC_R8
catalytic rate constant geometric mean	266.97127	1/s		PGH_R00658		R00658	kC_R9
catalytic rate constant geometric mean	266.49495	1/s		PYK_R00200		R00200	kC_R10
catalytic rate constant geometric mean	50	1/s		PDH_R00209		R00209	kC_R11
catalytic rate constant geometric mean	290.3849	1/s		ZWF_R00835		R00835	kC_R12
catalytic rate constant geometric mean	256.58537	1/s		GLH_R02035		R02035	kC_R13
catalytic rate constant geometric mean	210.21714	1/s		PGD_R01528		R01528	kC_R14
catalytic rate constant geometric mean	879.88159	1/s		RPI_R01056		R01056	kC_R15
catalytic rate constant geometric mean	417.39388	1/s		RPE_R01529		R01529	kC_R16
catalytic rate constant geometric mean	200.43049	1/s		TXT_R01641		R01641	kC_R17
catalytic rate constant geometric mean	181.27087	1/s		TAL_R08575		R08575	kC_R18
catalytic rate constant geometric mean	215.7687	1/s		TXT_R01067		R01067	kC_R19
catalytic rate constant geometric mean	178.90819	1/s		FBP_R00762		R00762	kC_R20
catalytic rate constant geometric mean	119.14823	1/s		CSN_R00351		R00351	kC_R21
catalytic rate constant geometric mean	140.96646	1/s		ACN_R01325		R01325	kC_R22
catalytic rate constant geometric mean	159.26462	1/s		ACN_R01900		R01900	kC_R23
catalytic rate constant geometric mean	162.12017	1/s		ICD_R00709		R00709	kC_R24
catalytic rate constant geometric mean	350	1/s		KGD_R08549		R08549	kC_R25
catalytic rate constant geometric mean	218.10898	1/s		SCS_R00405		R00405	kC_R26
catalytic rate constant geometric mean	217.95951	1/s		SDH_R02164		R02164	kC_R27
catalytic rate constant geometric mean	290.31925	1/s		FUM_R01082		R01082	kC_R28
catalytic rate constant geometric mean	324.68328	1/s		MDH_R00342		R00342	kC_R29
catalytic rate constant geometric mean	315.88366	1/s		PPC_R00345		R00345	kC_R30
Michaelis constant	0.3219427	mM	_S__Malate	FUM_R01082	C00149	R01082	kM_R28__S__Malate
Michaelis constant	35.120778	mM	_S__Malate	MDH_R00342	C00149	R00342	kM_R29__S__Malate
Michaelis constant	0.068140234	mM	Acetyl_CoA	PDH_R00209	C00024	R00209	kM_R11_Acetyl_CoA
Michaelis constant	6.7034303E-005	mM	Acetyl_CoA	CSN_R00351	C00024	R00351	kM_R21_Acetyl_CoA
Michaelis constant	0.25450228	mM	Fumarate	SDH_R02164	C00122	R02164	kM_R27_Fumarate
Michaelis constant	0.24541957	mM	Fumarate	FUM_R01082	C00122	R01082	kM_R28_Fumarate
Michaelis constant	0.0001023534	mM	cis_Aconitate	ACN_R01325	C00417	R01325	kM_R22_cis_Aconitate
Michaelis constant	0.015489711	mM	cis_Aconitate	ACN_R01900	C00417	R01900	kM_R23_cis_Aconitate
Michaelis constant	32.172898	mM	_6_Phospho_D_gluconate	GLH_R02035	C00345	R02035	kM_R13__6_Phospho_D_gluconate
Michaelis constant	0.022865043	mM	_6_Phospho_D_gluconate	PGD_R01528	C00345	R01528	kM_R14__6_Phospho_D_gluconate
Michaelis constant	1.5684517	mM	Orthophosphate	GAP_R01061	C00009	R01061	kM_R6_Orthophosphate
Michaelis constant	10.41103	mM	Orthophosphate	FBP_R00762	C00009	R00762	kM_R20_Orthophosphate
Michaelis constant	1.3491636	mM	Orthophosphate	SCS_R00405	C00009	R00405	kM_R26_Orthophosphate
Michaelis constant	167.02081	mM	Orthophosphate	PPC_R00345	C00009	R00345	kM_R30_Orthophosphate
Michaelis constant	8.3029627	mM	Pyruvate	PTS_RPTSsy	C00022	RPTSsy	kM_R1_Pyruvate
Michaelis constant	0.67541863	mM	Pyruvate	PYK_R00200	C00022	R00200	kM_R10_Pyruvate
Michaelis constant	0.0078051873	mM	Pyruvate	PDH_R00209	C00022	R00209	kM_R11_Pyruvate
Michaelis constant	0.0048841644	mM	NADPplus	ZWF_R00835	C00006	R00835	kM_R12_NADPplus
Michaelis constant	0.017629829	mM	NADPplus	PGD_R01528	C00006	R01528	kM_R14_NADPplus
Michaelis constant	0.011772655	mM	NADPH	ZWF_R00835	C00005	R00835	kM_R12_NADPH
Michaelis constant	0.0007748491	mM	NADPH	PGD_R01528	C00005	R01528	kM_R14_NADPH
Michaelis constant	0.0041419142	mM	NADH	GAP_R01061	C00004	R01061	kM_R6_NADH
Michaelis constant	4.766385	mM	NADH	PDH_R00209	C00004	R00209	kM_R11_NADH
Michaelis constant	0.89547659	mM	NADH	ICD_R00709	C00004	R00709	kM_R24_NADH
Michaelis constant	3.0744389	mM	NADH	KGD_R08549	C00004	R08549	kM_R25_NADH
Michaelis constant	0.012361935	mM	NADH	MDH_R00342	C00004	R00342	kM_R29_NADH
Michaelis constant	0.15176282	mM	NADplus	GAP_R01061	C00003	R01061	kM_R6_NADplus
Michaelis constant	0.037515226	mM	NADplus	PDH_R00209	C00003	R00209	kM_R11_NADplus
Michaelis constant	0.07539995	mM	NADplus	ICD_R00709	C00003	R00709	kM_R24_NADplus
Michaelis constant	0.0032526261	mM	NADplus	KGD_R08549	C00003	R08549	kM_R25_NADplus
Michaelis constant	0.29035343	mM	NADplus	MDH_R00342	C00003	R00342	kM_R29_NADplus
Michaelis constant	0.11018609	mM	ATP	PFK_R04779	C00002	R04779	kM_R3_ATP
Michaelis constant	1.7564199	mM	ATP	PGK_R01512	C00002	R01512	kM_R7_ATP
Michaelis constant	15.747437	mM	ATP	PYK_R00200	C00002	R00200	kM_R10_ATP
Michaelis constant	0.013360219	mM	ATP	SCS_R00405	C00002	R00405	kM_R26_ATP
Michaelis constant	0.89547659	mM	_2_Oxoglutarate	ICD_R00709	C00026	R00709	kM_R24__2_Oxoglutarate
Michaelis constant	3.229474	mM	_2_Oxoglutarate	KGD_R08549	C00026	R08549	kM_R25__2_Oxoglutarate
Michaelis constant	0.0097694894	mM	Oxaloacetate	CSN_R00351	C00036	R00351	kM_R21_Oxaloacetate
Michaelis constant	0.015593321	mM	Oxaloacetate	MDH_R00342	C00036	R00342	kM_R29_Oxaloacetate
Michaelis constant	167.02081	mM	Oxaloacetate	PPC_R00345	C00036	R00345	kM_R30_Oxaloacetate
Michaelis constant	0.03219951	mM	Ubiquinone	SDH_R02164	C00399	R02164	kM_R27_Ubiquinone
Michaelis constant	0.048141129	mM	D_Erythrose_4_phosphate	TAL_R08575	C00279	R08575	kM_R18_D_Erythrose_4_phosphate
Michaelis constant	0.25437718	mM	D_Erythrose_4_phosphate	TXT_R01067	C00279	R01067	kM_R19_D_Erythrose_4_phosphate
Michaelis constant	29.537069	mM	Ubiquinol	SDH_R02164	C00390	R02164	kM_R27_Ubiquinol
Michaelis constant	0.8418232	mM	ADP	PFK_R04779	C00008	R04779	kM_R3_ADP
Michaelis constant	0.038174533	mM	ADP	PGK_R01512	C00008	R01512	kM_R7_ADP
Michaelis constant	0.10789031	mM	ADP	PYK_R00200	C00008	R00200	kM_R10_ADP
Michaelis constant	0.089683492	mM	ADP	SCS_R00405	C00008	R00405	kM_R26_ADP
Michaelis constant	0.20700698	mM	Isocitrate	ACN_R01900	C00311	R01900	kM_R23_Isocitrate
Michaelis constant	1.0235802	mM	Isocitrate	ICD_R00709	C00311	R00709	kM_R24_Isocitrate
Michaelis constant	0.14059382	mM	D_Ribulose_5_phosphate	PGD_R01528	C00199	R01528	kM_R14_D_Ribulose_5_phosphate
Michaelis constant	2.5374714	mM	D_Ribulose_5_phosphate	RPI_R01056	C00199	R01056	kM_R15_D_Ribulose_5_phosphate
Michaelis constant	0.78731796	mM	D_Ribulose_5_phosphate	RPE_R01529	C00199	R01529	kM_R16_D_Ribulose_5_phosphate
Michaelis constant	0.31447375	mM	D_Xylulose_5_phosphate	RPE_R01529	C00231	R01529	kM_R16_D_Xylulose_5_phosphate
Michaelis constant	0.45227515	mM	D_Xylulose_5_phosphate	TXT_R01641	C00231	R01641	kM_R17_D_Xylulose_5_phosphate
Michaelis constant	0.34304003	mM	D_Xylulose_5_phosphate	TXT_R01067	C00231	R01067	kM_R19_D_Xylulose_5_phosphate
Michaelis constant	8.3029679	mM	D_Glucose_6_phosphate	PTS_RPTSsy	C00092	RPTSsy	kM_R1_D_Glucose_6_phosphate
Michaelis constant	0.16446063	mM	D_Glucose_6_phosphate	PGI_R02740	C00092	R02740	kM_R2_D_Glucose_6_phosphate
Michaelis constant	0.11022307	mM	D_Glucose_6_phosphate	ZWF_R00835	C00092	R00835	kM_R12_D_Glucose_6_phosphate
Michaelis constant	0.030372249	mM	_3_Phospho_D_glyceroyl_phosphate	GAP_R01061	C00236	R01061	kM_R6__3_Phospho_D_glyceroyl_phosphate
Michaelis constant	0.0015152244	mM	_3_Phospho_D_glyceroyl_phosphate	PGK_R01512	C00236	R01512	kM_R7__3_Phospho_D_glyceroyl_phosphate
Michaelis constant	0.0034122493	mM	CoA	PDH_R00209	C00010	R00209	kM_R11_CoA
Michaelis constant	1000	mM	CoA	CSN_R00351	C00010	R00351	kM_R21_CoA
Michaelis constant	0.0032526261	mM	CoA	KGD_R08549	C00010	R08549	kM_R25_CoA
Michaelis constant	0.060575889	mM	CoA	SCS_R00405	C00010	R00405	kM_R26_CoA
Michaelis constant	4.7663804	mM	CO2	PDH_R00209	C00011	R00209	kM_R11_CO2
Michaelis constant	16.243171	mM	CO2	PGD_R01528	C00011	R01528	kM_R14_CO2
Michaelis constant	0.89547659	mM	CO2	ICD_R00709	C00011	R00709	kM_R24_CO2
Michaelis constant	3.0744389	mM	CO2	KGD_R08549	C00011	R08549	kM_R25_CO2
Michaelis constant	0.14908823	mM	CO2	PPC_R00345	C00011	R00345	kM_R30_CO2
Michaelis constant	2.2408735	mM	D_Ribose_5_phosphate	RPI_R01056	C00117	R01056	kM_R15_D_Ribose_5_phosphate
Michaelis constant	0.48804238	mM	D_Ribose_5_phosphate	TXT_R01641	C00117	R01641	kM_R17_D_Ribose_5_phosphate
Michaelis constant	0.14980637	mM	Glycerone_phosphate	ALD_R01070	C00111	R01070	kM_R4_Glycerone_phosphate
Michaelis constant	93.539881	mM	Glycerone_phosphate	TIM_R01015	C00111	R01015	kM_R5_Glycerone_phosphate
Michaelis constant	0.0012043903	mM	D_Glucose	PTS_RPTSsy	C00031	RPTSsy	kM_R1_D_Glucose
Michaelis constant	1.4218874	mM	D_Fructose_1_6_bisphosphate	PFK_R04779	C00354	R04779	kM_R3_D_Fructose_1_6_bisphosphate
Michaelis constant	0.098605121	mM	D_Fructose_1_6_bisphosphate	ALD_R01070	C00354	R01070	kM_R4_D_Fructose_1_6_bisphosphate
Michaelis constant	0.0089598155	mM	D_Fructose_1_6_bisphosphate	FBP_R00762	C00354	R00762	kM_R20_D_Fructose_1_6_bisphosphate
Michaelis constant	0.12559719	mM	D_Glyceraldehyde_3_phosphate	ALD_R01070	C00118	R01070	kM_R4_D_Glyceraldehyde_3_phosphate
Michaelis constant	0.36836633	mM	D_Glyceraldehyde_3_phosphate	TIM_R01015	C00118	R01015	kM_R5_D_Glyceraldehyde_3_phosphate
Michaelis constant	0.3452034	mM	D_Glyceraldehyde_3_phosphate	GAP_R01061	C00118	R01061	kM_R6_D_Glyceraldehyde_3_phosphate
Michaelis constant	4.5019209	mM	D_Glyceraldehyde_3_phosphate	TXT_R01641	C00118	R01641	kM_R17_D_Glyceraldehyde_3_phosphate
Michaelis constant	0.058132953	mM	D_Glyceraldehyde_3_phosphate	TAL_R08575	C00118	R08575	kM_R18_D_Glyceraldehyde_3_phosphate
Michaelis constant	5.9354789	mM	D_Glyceraldehyde_3_phosphate	TXT_R01067	C00118	R01067	kM_R19_D_Glyceraldehyde_3_phosphate
Michaelis constant	0.0012043896	mM	Phosphoenolpyruvate	PTS_RPTSsy	C00074	RPTSsy	kM_R1_Phosphoenolpyruvate
Michaelis constant	1.8630964	mM	Phosphoenolpyruvate	PGH_R00658	C00074	R00658	kM_R9_Phosphoenolpyruvate
Michaelis constant	0.0035561113	mM	Phosphoenolpyruvate	PYK_R00200	C00074	R00200	kM_R10_Phosphoenolpyruvate
Michaelis constant	0.0029524047	mM	Phosphoenolpyruvate	PPC_R00345	C00074	R00345	kM_R30_Phosphoenolpyruvate
Michaelis constant	0.0041196286	mM	Citrate	CSN_R00351	C00158	R00351	kM_R21_Citrate
Michaelis constant	0.0014127779	mM	Citrate	ACN_R01325	C00158	R01325	kM_R22_Citrate
Michaelis constant	0.086528088	mM	Succinyl_CoA	KGD_R08549	C00091	R08549	kM_R25_Succinyl_CoA
Michaelis constant	0.041775892	mM	Succinyl_CoA	SCS_R00405	C00091	R00405	kM_R26_Succinyl_CoA
Michaelis constant	0.87274911	mM	_3_Phospho_D_glycerate	PGK_R01512	C00197	R01512	kM_R7__3_Phospho_D_glycerate
Michaelis constant	0.91866686	mM	_3_Phospho_D_glycerate	PGM_R01518	C00197	R01518	kM_R8__3_Phospho_D_glycerate
Michaelis constant	1.6230813	mM	D_Glucono_1_5_lactone_6_phosphate	ZWF_R00835	C01236	R00835	kM_R12_D_Glucono_1_5_lactone_6_phosphate
Michaelis constant	0.0054368045	mM	D_Glucono_1_5_lactone_6_phosphate	GLH_R02035	C01236	R02035	kM_R13_D_Glucono_1_5_lactone_6_phosphate
Michaelis constant	0.060804856	mM	D_Fructose_6_phosphate	PGI_R02740	C00085	R02740	kM_R2_D_Fructose_6_phosphate
Michaelis constant	0.0070329059	mM	D_Fructose_6_phosphate	PFK_R04779	C00085	R04779	kM_R3_D_Fructose_6_phosphate
Michaelis constant	0.68948354	mM	D_Fructose_6_phosphate	TAL_R08575	C00085	R08575	kM_R18_D_Fructose_6_phosphate
Michaelis constant	8.3887831	mM	D_Fructose_6_phosphate	TXT_R01067	C00085	R01067	kM_R19_D_Fructose_6_phosphate
Michaelis constant	10.411032	mM	D_Fructose_6_phosphate	FBP_R00762	C00085	R00762	kM_R20_D_Fructose_6_phosphate
Michaelis constant	0.028166708	mM	_2_Phospho_D_glycerate	PGM_R01518	C00631	R01518	kM_R8__2_Phospho_D_glycerate
Michaelis constant	0.1986555	mM	_2_Phospho_D_glycerate	PGH_R00658	C00631	R00658	kM_R9__2_Phospho_D_glycerate
Michaelis constant	1.4513015	mM	Succinate	SCS_R00405	C00042	R00405	kM_R26_Succinate
Michaelis constant	0.099727339	mM	Succinate	SDH_R02164	C00042	R02164	kM_R27_Succinate
Michaelis constant	3.6975368	mM	Sedoheptulose_7_phosphate	TXT_R01641	C05382	R01641	kM_R17_Sedoheptulose_7_phosphate
Michaelis constant	0.032971367	mM	Sedoheptulose_7_phosphate	TAL_R08575	C05382	R08575	kM_R18_Sedoheptulose_7_phosphate
substrate catalytic rate constant	350	1/s		PTS_RPTSsy		RPTSsy	kcrf_R1
substrate catalytic rate constant	350	1/s		PGI_R02740		R02740	kcrf_R2
substrate catalytic rate constant	350	1/s		PFK_R04779		R04779	kcrf_R3
substrate catalytic rate constant	350	1/s		ALD_R01070		R01070	kcrf_R4
substrate catalytic rate constant	4499.9994	1/s		TIM_R01015		R01015	kcrf_R5
substrate catalytic rate constant	134	1/s		GAP_R01061		R01061	kcrf_R6
substrate catalytic rate constant	67.158929	1/s		PGK_R01512		R01512	kcrf_R7
substrate catalytic rate constant	530.00001	1/s		PGM_R01518		R01518	kcrf_R8
substrate catalytic rate constant	197.83577	1/s		PGH_R00658		R00658	kcrf_R9
substrate catalytic rate constant	232.00002	1/s		PYK_R00200		R00200	kcrf_R10
substrate catalytic rate constant	50	1/s		PDH_R00209		R00209	kcrf_R11
substrate catalytic rate constant	174.00001	1/s		ZWF_R00835		R00835	kcrf_R12
substrate catalytic rate constant	468.00005	1/s		GLH_R02035		R02035	kcrf_R13
substrate catalytic rate constant	350.00002	1/s		PGD_R01528		R01528	kcrf_R14
substrate catalytic rate constant	1405.8804	1/s		RPI_R01056		R01056	kcrf_R15
substrate catalytic rate constant	1300	1/s		RPE_R01529		R01529	kcrf_R16
substrate catalytic rate constant	50	1/s		TXT_R01641		R01641	kcrf_R17
substrate catalytic rate constant	50	1/s		TAL_R08575		R08575	kcrf_R18
substrate catalytic rate constant	69.000004	1/s		TXT_R01067		R01067	kcrf_R19
substrate catalytic rate constant	350.00003	1/s		FBP_R00762		R00762	kcrf_R20
substrate catalytic rate constant	106.13944	1/s		CSN_R00351		R00351	kcrf_R21
substrate catalytic rate constant	98.65303	1/s		ACN_R01325		R01325	kcrf_R22
substrate catalytic rate constant	50	1/s		ACN_R01900		R01900	kcrf_R23
substrate catalytic rate constant	525.65898	1/s		ICD_R00709		R00709	kcrf_R24
substrate catalytic rate constant	667.84871	1/s		KGD_R08549		R08549	kcrf_R25
substrate catalytic rate constant	345.94291	1/s		SCS_R00405		R00405	kcrf_R26
substrate catalytic rate constant	341.79735	1/s		SDH_R02164		R02164	kcrf_R27
substrate catalytic rate constant	506.04068	1/s		FUM_R01082		R01082	kcrf_R28
substrate catalytic rate constant	338.53807	1/s		MDH_R00342		R00342	kcrf_R29
substrate catalytic rate constant	251.47113	1/s		PPC_R00345		R00345	kcrf_R30
product catalytic rate constant	323.99926	1/s		PTS_RPTSsy		RPTSsy	kcrr_R1
product catalytic rate constant	353.78871	1/s		PGI_R02740		R02740	kcrr_R2
product catalytic rate constant	320.64322	1/s		PFK_R04779		R04779	kcrr_R3
product catalytic rate constant	349.96066	1/s		ALD_R01070		R01070	kcrr_R4
product catalytic rate constant	162.86803	1/s		TIM_R01015		R01015	kcrr_R5
product catalytic rate constant	555.47257	1/s		GAP_R01061		R01061	kcrr_R6
product catalytic rate constant	989.39782	1/s		PGK_R01512		R01512	kcrr_R7
product catalytic rate constant	85.500409	1/s		PGM_R01518		R01518	kcrr_R8
product catalytic rate constant	360.26679	1/s		PGH_R00658		R00658	kcrr_R9
product catalytic rate constant	306.11877	1/s		PYK_R00200		R00200	kcrr_R10
product catalytic rate constant	50	1/s		PDH_R00209		R00209	kcrr_R11
product catalytic rate constant	484.61716	1/s		ZWF_R00835		R00835	kcrr_R12
product catalytic rate constant	140.67531	1/s		GLH_R02035		R02035	kcrr_R13
product catalytic rate constant	126.2607	1/s		PGD_R01528		R01528	kcrr_R14
product catalytic rate constant	550.681	1/s		RPI_R01056		R01056	kcrr_R15
product catalytic rate constant	134.01358	1/s		RPE_R01529		R01529	kcrr_R16
product catalytic rate constant	803.44759	1/s		TXT_R01641		R01641	kcrr_R17
product catalytic rate constant	657.18254	1/s		TAL_R08575		R08575	kcrr_R18
product catalytic rate constant	674.72648	1/s		TXT_R01067		R01067	kcrr_R19
product catalytic rate constant	91.45182	1/s		FBP_R00762		R00762	kcrr_R20
product catalytic rate constant	133.75142	1/s		CSN_R00351		R00351	kcrr_R21
product catalytic rate constant	201.4286	1/s		ACN_R01325		R01325	kcrr_R22
product catalytic rate constant	507.3044	1/s		ACN_R01900		R01900	kcrr_R23
product catalytic rate constant	50	1/s		ICD_R00709		R00709	kcrr_R24
product catalytic rate constant	183.42478	1/s		KGD_R08549		R08549	kcrr_R25
product catalytic rate constant	137.51265	1/s		SCS_R00405		R00405	kcrr_R26
product catalytic rate constant	138.9898	1/s		SDH_R02164		R02164	kcrr_R27
product catalytic rate constant	166.55828	1/s		FUM_R01082		R01082	kcrr_R28
product catalytic rate constant	311.3955	1/s		MDH_R00342		R00342	kcrr_R29
product catalytic rate constant	396.795	1/s		PPC_R00345		R00345	kcrr_R30
concentration of enzyme	NaN	mM		PTS_RPTSsy		RPTSsy	u_R1
concentration of enzyme	NaN	mM		PGI_R02740		R02740	u_R2
concentration of enzyme	NaN	mM		PFK_R04779		R04779	u_R3
concentration of enzyme	NaN	mM		ALD_R01070		R01070	u_R4
concentration of enzyme	NaN	mM		TIM_R01015		R01015	u_R5
concentration of enzyme	NaN	mM		GAP_R01061		R01061	u_R6
concentration of enzyme	NaN	mM		PGK_R01512		R01512	u_R7
concentration of enzyme	NaN	mM		PGM_R01518		R01518	u_R8
concentration of enzyme	NaN	mM		PGH_R00658		R00658	u_R9
concentration of enzyme	NaN	mM		PYK_R00200		R00200	u_R10
concentration of enzyme	NaN	mM		PDH_R00209		R00209	u_R11
concentration of enzyme	NaN	mM		ZWF_R00835		R00835	u_R12
concentration of enzyme	NaN	mM		GLH_R02035		R02035	u_R13
concentration of enzyme	NaN	mM		PGD_R01528		R01528	u_R14
concentration of enzyme	NaN	mM		RPI_R01056		R01056	u_R15
concentration of enzyme	NaN	mM		RPE_R01529		R01529	u_R16
concentration of enzyme	NaN	mM		TXT_R01641		R01641	u_R17
concentration of enzyme	NaN	mM		TAL_R08575		R08575	u_R18
concentration of enzyme	NaN	mM		TXT_R01067		R01067	u_R19
concentration of enzyme	NaN	mM		FBP_R00762		R00762	u_R20
concentration of enzyme	NaN	mM		CSN_R00351		R00351	u_R21
concentration of enzyme	NaN	mM		ACN_R01325		R01325	u_R22
concentration of enzyme	NaN	mM		ACN_R01900		R01900	u_R23
concentration of enzyme	NaN	mM		ICD_R00709		R00709	u_R24
concentration of enzyme	NaN	mM		KGD_R08549		R08549	u_R25
concentration of enzyme	NaN	mM		SCS_R00405		R00405	u_R26
concentration of enzyme	NaN	mM		SDH_R02164		R02164	u_R27
concentration of enzyme	NaN	mM		FUM_R01082		R01082	u_R28
concentration of enzyme	NaN	mM		MDH_R00342		R00342	u_R29
concentration of enzyme	NaN	mM		PPC_R00345		R00345	u_R30
%							
!!SBtab DocumentName='Model' TableName='Position' TableType='Position' SBtabVersion='0.8'							
!Element	!PositionX	!PositionY					
_S__Malate	0.32772	0.095058					
Acetyl_CoA	0.359426	0.22902					
Fumarate	0.362438	-0.001611					
cis_Aconitate	0.561709	0.210402					
_6_Phospho_D_gluconate	0.616335	0.956914					
Orthophosphate	0.056437	0.637639					
Pyruvate	0.352063	0.308997					
NADPplus	0.059533	0.388417					
NADPH	0.061081	0.44724					
NADH	0.059533	0.561789					
NADplus	0.057985	0.506062					
ATP	0.056437	0.698009					
H2O	0.448708	0.128361					
_2_Oxoglutarate	0.643751	0.055607					
Oxaloacetate	0.355831	0.176347					
Ubiquinone	0.331064	-0.009408					
D_Erythrose_4_phosphate	0.503642	0.870531					
Ubiquinol	0.317132	-0.032627					
ADP	0.054889	0.758379					
Isocitrate	0.637559	0.137648					
D_Ribulose_5_phosphate	0.668449	0.871147					
D_Xylulose_5_phosphate	0.60891	0.841377					
D_Glucose_6_phosphate	0.351859	0.965424					
_3_Phospho_D_glyceroyl_phosphate	0.352021	0.64203					
CoA	0.391786	0.278709					
CO2	0.544682	0.123717					
D_Ribose_5_phosphate	0.613611	0.76147					
Glycerone_phosphate	0.267748	0.745939					
D_Glucose	0.110615	0.965805					
D_Fructose_1_6_bisphosphate	0.351859	0.828211					
D_Glyceraldehyde_3_phosphate	0.352021	0.721029					
Phosphoenolpyruvate	0.352007	0.406884					
Citrate	0.445962	0.220921					
Succinyl_CoA	0.586477	-0.018695					
_3_Phospho_D_glycerate	0.352021	0.569228					
D_Glucono_1_5_lactone_6_phosphate	0.493599	0.982833					
D_Fructose_6_phosphate	0.351859	0.895258					
_2_Phospho_D_glycerate	0.352021	0.485582					
Succinate	0.465736	-0.051202					
Sedoheptulose_7_phosphate	0.574673	0.821603					
PTS_RPTSsy	0.181365	0.96522					
PGI_R02740	0.352063	0.923947					
PFK_R04779	0.333521	0.858996					
ALD_R01070	0.352021	0.790734					
TIM_R01015	0.297009	0.716584					
GAP_R01061	0.351954	0.683129					
PGK_R01512	0.352471	0.606396					
PGM_R01518	0.352021	0.524307					
PGH_R00658	0.352007	0.437823					
PYK_R00200	0.352063	0.353918					
PDH_R00209	0.352021	0.265625					
ZWF_R00835	0.428585	0.982833					
GLH_R02035	0.584929	0.973545					
PGD_R01528	0.651221	0.918706					
RPI_R01056	0.663749	0.80064					
RPE_R01529	0.637113	0.860179					
TXT_R01641	0.501711	0.735972					
TAL_R08575	0.566723	0.88656					
TXT_R01067	0.426938	0.837812					
FBP_R00762	0.372405	0.857241					
CSN_R00351	0.392982	0.198019					
ACN_R01325	0.505983	0.224334					
ACN_R01900	0.61434	0.176347					
ICD_R00709	0.645299	0.100497					
KGD_R08549	0.62208	0.016908					
SCS_R00405	0.535394	-0.037271					
SDH_R02164	0.402092	-0.03917					
FUM_R01082	0.340351	0.035483					
MDH_R00342	0.33416	0.140744					
PPC_R00345	0.40095304	0.50690003					
%							
!!SBtab DocumentName='Model' TableName='Flux' TableType='Quantity' Unit='mM/s' SBtabVersion='0.8'							
!QuantityType	!Reaction	!Reaction:Identifiers:kegg.reaction	!Flux				
flux	PTS_RPTSsy	RPTSsy	0.5691				
flux	PGI_R02740	R02740	0.385				
flux	PFK_R04779	R04779	0.4417				
flux	ALD_R01070	R01070	0.44702				
flux	TIM_R01015	R01015	0.4445				
flux	GAP_R01061	R01061	0.9163				
flux	PGK_R01512	R01512	0.8946				
flux	PGM_R01518	R01518	0.8729				
flux	PGH_R00658	R00658	0.91875				
flux	PYK_R00200	R00200	0.1841				
flux	PDH_R00209	R00209	0.3787				
flux	ZWF_R00835	R00835	0.1813				
flux	GLH_R02035	R02035	0.1568				
flux	PGD_R01528	R01528	0.1323				
flux	RPI_R01056	R01056	0.049933333				
flux	RPE_R01529	R01529	0.077233333				
flux	TXT_R01641	R01641	0.0448				
flux	TAL_R08575	R08575	0.0448				
flux	TXT_R01067	R01067	0.0273				
flux	FBP_R00762	R00762	0				
flux	CSN_R00351	R00351	0.154				
flux	ACN_R01325	R01325	0.154				
flux	ACN_R01900	R01900	0.154				
flux	ICD_R00709	R00709	0.154				
flux	KGD_R08549	R08549	0.0924				
flux	SCS_R00405	R00405	0.1673				
flux	SDH_R02164	R02164	0.0924				
flux	FUM_R01082	R01082	0.0924				
flux	MDH_R00342	R00342	0.0602				
flux	PPC_R00345	R00345	-0.2114				
%							
!!SBtab DocumentName='Model' TableName='GibbsEnergyOfFormation' TableType='Quantity' Unit='kJ/mol' StandardConcentration='1mM' SBtabVersion='0.8'							
!QuantityType	!Compound	!Compound:Identifiers:kegg.compound	!Value				
standard Gibbs energy of formation	_S__Malate	C00149	-727.97778				
standard Gibbs energy of formation	Acetyl_CoA	C00024	-1151.2492				
standard Gibbs energy of formation	Fumarate	C00122	-724.52911				
standard Gibbs energy of formation	cis_Aconitate	C00417	-902.60787				
standard Gibbs energy of formation	_6_Phospho_D_gluconate	C00345	-1026.3426				
standard Gibbs energy of formation	Orthophosphate	C00009	-391.5326				
standard Gibbs energy of formation	Pyruvate	C00022	-399.88531				
standard Gibbs energy of formation	NADPplus	C00006	-913.36057				
standard Gibbs energy of formation	NADPH	C00005	-773.81284				
standard Gibbs energy of formation	NADH	C00004	-866.60383				
standard Gibbs energy of formation	NADplus	C00003	-939.44151				
standard Gibbs energy of formation	ATP	C00002	-1175.2727				
standard Gibbs energy of formation	H2O	C00001	-880				
standard Gibbs energy of formation	_2_Oxoglutarate	C00026	-577.85995				
standard Gibbs energy of formation	Oxaloacetate	C00036	-773.89654				
standard Gibbs energy of formation	Ubiquinone	C00399	-1035.1669				
standard Gibbs energy of formation	D_Erythrose_4_phosphate	C00279	-681.51172				
standard Gibbs energy of formation	Ubiquinol	C00390	-645.58739				
standard Gibbs energy of formation	ADP	C00008	-829.0672				
standard Gibbs energy of formation	Isocitrate	C00311	-903.29499				
standard Gibbs energy of formation	D_Ribulose_5_phosphate	C00199	-762.41907				
standard Gibbs energy of formation	D_Xylulose_5_phosphate	C00231	-765.79733				
standard Gibbs energy of formation	D_Glucose_6_phosphate	C00092	-855.78506				
standard Gibbs energy of formation	_3_Phospho_D_glyceroyl_phosphate	C00236	-1048.8318				
standard Gibbs energy of formation	CoA	C00010	-1052.6793				
standard Gibbs energy of formation	CO2	C00011	-409.70383				
standard Gibbs energy of formation	D_Ribose_5_phosphate	C00117	-764.44676				
standard Gibbs energy of formation	Glycerone_phosphate	C00111	-609.70778				
standard Gibbs energy of formation	D_Glucose	C00031	-490.12172				
standard Gibbs energy of formation	D_Fructose_1_6_bisphosphate	C00354	-1218.0142				
standard Gibbs energy of formation	D_Glyceraldehyde_3_phosphate	C00118	-604.17521				
standard Gibbs energy of formation	Phosphoenolpyruvate	C00074	-721.26667				
standard Gibbs energy of formation	Citrate	C00158	-910.93527				
standard Gibbs energy of formation	Succinyl_CoA	C00091	-1322.0459				
standard Gibbs energy of formation	_3_Phospho_D_glycerate	C00197	-721.32007				
standard Gibbs energy of formation	D_Glucono_1_5_lactone_6_phosphate	C01236	-1001.6807				
standard Gibbs energy of formation	D_Fructose_6_phosphate	C00085	-853.27647				
standard Gibbs energy of formation	_2_Phospho_D_glycerate	C00631	-717.17863				
standard Gibbs energy of formation	Succinate	C00042	-313.35451				
standard Gibbs energy of formation	Sedoheptulose_7_phosphate	C05382	-929.92516				
%							
!!SBtab DocumentName='Model' TableName='GibbsEnergyOfReaction' TableType='Quantity' Unit='kJ/mol' StandardConcentration='1mM' SBtabVersion='0.8'							
!QuantityType	!Reaction	!Reaction:Identifiers:kegg.reaction	!Value	!OriginalValue	!SumFormula		
standard Gibbs energy of reaction	PTS_RPTSsy	RPTSsy	-44.281981	-44.281981	D_Glucose + Phosphoenolpyruvate <=> Pyruvate + D_Glucose_6_phosphate		
standard Gibbs energy of reaction	PGI_R02740	R02740	2.5085872	2.5085872	D_Glucose_6_phosphate <=> D_Fructose_6_phosphate		
standard Gibbs energy of reaction	PFK_R04779	R04779	-18.532265	-18.532265	ATP + D_Fructose_6_phosphate <=> ADP + D_Fructose_1_6_bisphosphate		
standard Gibbs energy of reaction	ALD_R01070	R01070	4.1312497	4.1312497	D_Fructose_1_6_bisphosphate <=> Glycerone_phosphate + D_Glyceraldehyde_3_phosphate		
standard Gibbs energy of reaction	TIM_R01015	R01015	5.532567	5.532567	Glycerone_phosphate <=> D_Glyceraldehyde_3_phosphate		
standard Gibbs energy of reaction	GAP_R01061	R01061	19.713742	19.713742	Orthophosphate + NADplus + D_Glyceraldehyde_3_phosphate <=> NADH + _3_Phospho_D_glyceroyl_phosphate		
standard Gibbs energy of reaction	PGK_R01512	R01512	-18.693815	-18.693815	ADP + _3_Phospho_D_glyceroyl_phosphate <=> ATP + _3_Phospho_D_glycerate		
standard Gibbs energy of reaction	PGM_R01518	R01518	4.141437	4.141437	_3_Phospho_D_glycerate <=> _2_Phospho_D_glycerate		
standard Gibbs energy of reaction	PGH_R00658	R00658	-4.0880322	-4.0880322	_2_Phospho_D_glycerate <=> Phosphoenolpyruvate		
standard Gibbs energy of reaction	PYK_R00200	R00200	-24.824142	-24.824142	ADP + Phosphoenolpyruvate <=> Pyruvate + ATP		
standard Gibbs energy of reaction	PDH_R00209	R00209	-35.550697	-35.52045	Pyruvate + NADplus + CoA <=> Acetyl_CoA + NADH + CO2		
standard Gibbs energy of reaction	ZWF_R00835	R00835	-6.3478707	-6.3424698	NADPplus + D_Glucose_6_phosphate <=> NADPH + D_Glucono_1_5_lactone_6_phosphate		
standard Gibbs energy of reaction	GLH_R02035	R02035	-24.661907	-24.640924	D_Glucono_1_5_lactone_6_phosphate <=> _6_Phospho_D_gluconate		
standard Gibbs energy of reaction	PGD_R01528	R01528	-6.2326153	-6.2273125	_6_Phospho_D_gluconate + NADPplus <=> NADPH + D_Ribulose_5_phosphate + CO2		
standard Gibbs energy of reaction	RPI_R01056	R01056	-2.0276872	-2.025962	D_Ribulose_5_phosphate <=> D_Ribose_5_phosphate		
standard Gibbs energy of reaction	RPE_R01529	R01529	-3.3782613	-3.375387	D_Ribulose_5_phosphate <=> D_Xylulose_5_phosphate		
standard Gibbs energy of reaction	TXT_R01641	R01641	-3.8562818	-3.8530008	D_Xylulose_5_phosphate + D_Ribose_5_phosphate <=> D_Glyceraldehyde_3_phosphate + Sedoheptulose_7_phosphate		
standard Gibbs energy of reaction	TAL_R08575	R08575	-0.68782225	-0.68723705	D_Glyceraldehyde_3_phosphate + Sedoheptulose_7_phosphate <=> D_Erythrose_4_phosphate + D_Fructose_6_phosphate		
standard Gibbs energy of reaction	TXT_R01067	R01067	-10.142634	-10.134004	D_Erythrose_4_phosphate + D_Xylulose_5_phosphate <=> D_Glyceraldehyde_3_phosphate + D_Fructose_6_phosphate		
standard Gibbs energy of reaction	FBP_R00762	R00762	-26.794837	-26.77204	D_Fructose_1_6_bisphosphate <=> Orthophosphate + D_Fructose_6_phosphate		
standard Gibbs energy of reaction	CSN_R00351	R00351	-38.468872	-38.436142	Acetyl_CoA + Oxaloacetate <=> CoA + Citrate		
standard Gibbs energy of reaction	ACN_R01325	R01325	8.3274039	8.3203188	Citrate <=> cis_Aconitate		
standard Gibbs energy of reaction	ACN_R01900	R01900	-0.68712295	-0.68653834	cis_Aconitate <=> Isocitrate		
standard Gibbs energy of reaction	ICD_R00709	R00709	-11.431104	-11.421378	NADplus + Isocitrate <=> NADH + _2_Oxoglutarate + CO2		
standard Gibbs energy of reaction	KGD_R08549	R08549	-28.372726	-28.348586	NADplus + _2_Oxoglutarate + CoA <=> NADH + CO2 + Succinyl_CoA		
standard Gibbs energy of reaction	SCS_R00405	R00405	1.3391207	1.3379814	Orthophosphate + ADP + Succinyl_CoA <=> ATP + CoA + Succinate		
standard Gibbs energy of reaction	SDH_R02164	R02164	-21.595126	-21.576753	Ubiquinone + Succinate <=> Fumarate + Ubiquinol		
standard Gibbs energy of reaction	FUM_R01082	R01082	-3.4486706	-3.4457364	Fumarate <=> _S__Malate		
standard Gibbs energy of reaction	MDH_R00342	R00342	26.918927	26.896024	_S__Malate + NADplus <=> NADH + Oxaloacetate		
standard Gibbs energy of reaction	PPC_R00345	R00345	34.458646	36.7	Orthophosphate + Oxaloacetate <=> CO2 + Phosphoenolpyruvate		
%							
!!SBtab DocumentName='Model' TableName='ConcentrationConstraint' TableType='Quantity' Unit='mM' SBtabVersion='0.8'							
!QuantityType	!Compound	!Compound:Identifiers:kegg.compound	!Concentration:Min	!Concentration:Max			
concentration	_S__Malate	C00149	0.001	10			
concentration	Acetyl_CoA	C00024	0.001	10			
concentration	Fumarate	C00122	0.001	10			
concentration	cis_Aconitate	C00417	0.001	10			
concentration	_6_Phospho_D_gluconate	C00345	0.001	10			
concentration	Orthophosphate	C00009	10	10			
concentration	Pyruvate	C00022	0.001	10			
concentration	NADPplus	C00006	0.1	0.1			
concentration	NADPH	C00005	0.121	0.121			
concentration	NADH	C00004	0.0832	0.0832			
concentration	NADplus	C00003	1	1			
concentration	ATP	C00002	9.63	9.63			
concentration	H2O	C00001	1000	1000			
concentration	_2_Oxoglutarate	C00026	0.001	10			
concentration	Oxaloacetate	C00036	0.001	10			
concentration	Ubiquinone	C00399	0.1	0.1			
concentration	D_Erythrose_4_phosphate	C00279	0.001	10			
concentration	Ubiquinol	C00390	0.1	0.1			
concentration	ADP	C00008	0.555	0.555			
concentration	Isocitrate	C00311	0.001	10			
concentration	D_Ribulose_5_phosphate	C00199	0.001	10			
concentration	D_Xylulose_5_phosphate	C00231	0.001	10			
concentration	D_Glucose_6_phosphate	C00092	0.001	10			
concentration	_3_Phospho_D_glyceroyl_phosphate	C00236	0.001	10			
concentration	CoA	C00010	1	1			
concentration	CO2	C00011	0.01	0.01			
concentration	D_Ribose_5_phosphate	C00117	0.001	10			
concentration	Glycerone_phosphate	C00111	0.001	10			
concentration	D_Glucose	C00031	12	12			
concentration	D_Fructose_1_6_bisphosphate	C00354	0.001	10			
concentration	D_Glyceraldehyde_3_phosphate	C00118	0.001	10			
concentration	Phosphoenolpyruvate	C00074	0.001	10			
concentration	Citrate	C00158	0.001	10			
concentration	Succinyl_CoA	C00091	0.001	10			
concentration	_3_Phospho_D_glycerate	C00197	0.001	10			
concentration	D_Glucono_1_5_lactone_6_phosphate	C01236	0.001	10			
concentration	D_Fructose_6_phosphate	C00085	0.001	10			
concentration	_2_Phospho_D_glycerate	C00631	0.001	10			
concentration	Succinate	C00042	0.001	10			
concentration	Sedoheptulose_7_phosphate	C05382	0.001	10			
